Define categories for actions to align with adaptation types and similar functional movements,Define candidate action's applicability to movement,,,,,,How to Apply Weight,,,,,,,,,,,,Primary Joint Actions: selecting muscles to apply primary load type - dependent on adaptation type power/maxstrength/endstrength,,,,,,,,,,,,,,"Ancillary Joint Actions: selecting Fixators muscles to apply strength endurance load
If stability intensity should affect load magnitude (i.e. weight implement, speed, surface), then fixator. Else Primary action.
https://www.youtube.com/watch?v=c0kf7B54mXg",,,,,,,,NASM correctives pg 57 - squat and bunch press examples,,,,,
id,compound_action,action,example,Categorization,categorization,,training_type,eligible_external_resistance,stance_lower_body,stance_upper_body,,lateral_distribution_pattern,percent_bodyweight,lateral_distribution,apply_resistance,relative_explosiveness,apply_instability,,muscle_action,,hip_joint_action,,knee_joint_action,,ankle_joint_action,,trunk_joint_action,,shoulder_scapula_joint_action,,elbow_joint_action,,muscle_action,hip_stability,ankle_stability,trunk_stability_fm,pelvis_stability_fm,shoulder_stability,elbow_stability,sij_stability,"Lumbo-pelvic-hip complex
adductor longus, adductr brevis, tansverse abdominis, glute medius","Lower extremity musculature
flexor hallucis longus, posterior tib, anerior tib, soleus, gastrocnemius","scapular stabilizers
trapezius, rhomboids","Posterior Oblique Subsytem
stabilizes SIJ, transverse planes i.e. running impact
","Anterior Oblique Subsystem
transverse plane stabilization - i.e. duirng walking swing phase
internal and external obiques, adductor complex, hip external rotators","Lateral Subsystem
frontal plane stability i.e. staing upright during single leg activities
glute med, tfl, adductor complex, quadratus lumborum"
,Cardio - Gait Types,,,cardio_action,,,,,,,,,,,,,,,,,,,,,,,,,,,,,,,,,,,,,,,,,,
,Bipedal,,,,,,,,,,,,,,,,,,,,,,,,,,,,,,,,,,,,,,,,,,,,,
0_a,ruck,Propulsion,,ruck,,,strength_cardiorespiratory,"ruck, sandbag",single_leg,,"l, t",unilateral_alternating,,100,TRUE,no_speed,TRUE,,concentric,1,hip extension,2,knee extension,3,ankle plantar flexion,,,,,,,,isometric,frontal plane,frontal plane,,,,,,,,,,,
0_b,,Loading,,ruck,,,strength_cardiorespiratory,"ruck, sandbag",single_leg,,"l, t",unilateral_alternating,,100,TRUE,no_speed,TRUE,,eccentric,1,hip flexion,2,knee flexion,3,ankle dorsiflexion,,,,,,,,isometric,frontal plane,frontal plane,sagital plane,sagital plane,,,,,,,,,
0_c,,Swing,,ruck,,,strength_cardiorespiratory,,single_leg,,"l, t",unilateral_alternating,,25,FALSE,no_speed,FALSE,,concentric,1,hip flexion,2,knee flexion,3,ankle dorsiflexion,,,,,,,,isometric,,,transverse plane,,,,,,,,,,
1_a,run,Propulsion,,run,,,strength_cardiorespiratory,,single_leg,,"l, t",unilateral_alternating,,100,TRUE,no_speed,TRUE,,concentric,1,hip extension,2,knee extension,3,ankle plantar flexion,,,,,,,,isometric,frontal plane,frontal plane,,,,,,,,,,,
1_b,,Loading,,run,,,strength_cardiorespiratory,,single_leg,,"l, t",unilateral_alternating,,100,TRUE,no_speed,TRUE,,eccentric,1,hip flexion,2,knee flexion,3,ankle dorsiflexion,,,,,,,,isometric,frontal plane,frontal plane,sagital plane,sagital plane,,,,,,,,,
1_c,,Swing,,run,,,strength_cardiorespiratory,,single_leg,,"l, t",unilateral_alternating,,25,FALSE,no_speed,FALSE,,concentric,1,hip flexion,2,knee flexion,3,ankle dorsiflexion,,,,,,,,isometric,,,transverse plane,,,,,,,,,,
2_a,sprint,Propulsion,,sprint,,,strength_cardiorespiratory,sled,single_leg,,"l, t",unilateral_alternating,,100,TRUE,low_force,TRUE,,concentric,1,hip extension,2,knee extension,3,ankle plantar flexion,,,,,,,,isometric,frontal plane,frontal plane,,,,,,,,,,,
2_b,,Loading,,sprint,,,strength_cardiorespiratory,,single_leg,,"l, t",unilateral_alternating,,100,TRUE,no_speed,TRUE,,eccentric,1,hip flexion,2,knee flexion,3,ankle dorsiflexion,,,,,,,,isometric,frontal plane,frontal plane,sagital plane,sagital plane,,,,,,,,,
2_c,,Swing,,sprint,,,strength_cardiorespiratory,,single_leg,,"l, t",unilateral_alternating,,25,FALSE,no_speed,FALSE,,concentric,1,hip flexion,2,knee flexion,3,ankle dorsiflexion,,,,,,,,isometric,,,transverse plane,,,,,,,,,,
3_a,race walking,Propulsion,,race_walking,,,strength_cardiorespiratory,,single_leg,,"l, t",unilateral_alternating,,100,TRUE,no_speed,TRUE,,concentric,1,hip extension,2,knee extension,3,ankle plantar flexion,,,,,,,,isometric,frontal plane,frontal plane,,,,,,,,,,,
3_b,,Loading,,race_walking,,,strength_cardiorespiratory,,single_leg,,"l, t",unilateral_alternating,,100,TRUE,no_speed,TRUE,,eccentric,1,hip flexion,2,knee flexion,3,ankle dorsiflexion,,,,,,,,isometric,frontal plane,frontal plane,sagital plane,sagital plane,,,,,,,,,
3_c,,Swing,,race_walking,,,strength_cardiorespiratory,,single_leg,,"l, t",unilateral_alternating,,25,FALSE,no_speed,FALSE,,concentric,1,hip flexion,2,knee flexion,3,ankle dorsiflexion,,,,,,,,isometric,,,transverse plane,,,,,,,,,,
,Cycling ,,,,,,,,,,,,,,,,,,,,,,,,,,,,,,,,,,,,,,,,,,,,,
100_a,Cycling not clipped in,power phase,,cycle,,,strength_cardiorespiratory,"machine resistence, elevation, wind",,,"l, t",unilateral_alternating,,0,TRUE,no_speed,TRUE,,concentric,1,hip extension,2,knee extension,3,ankle plantar flexion,,,,,,,,isometric,,,,,,,,,,,,,
100_b,,recovery phase,,cycle,,,strength_cardiorespiratory,,,,"l, t",unilateral_alternating,,25,FALSE,no_speed,FALSE,,concentric,1,hip flexion,1,knee flexion,3,ankle dorsiflexion,,,,,,,,isometric,,,,,,,,,,,,,
101_a,Cycling clipped in,power phase,,cycle,,,strength_cardiorespiratory,"machine resistence, elevation, wind",,,"l, t",unilateral_alternating,,0,TRUE,no_speed,TRUE,,concentric,1,hip extension,2,knee extension,3,ankle plantar flexion,,,,,,,,isometric,,,,,,,,,,,,,
101_b,,recovery phase,,cycle,,,strength_cardiorespiratory,"machine resistence, elevation, wind",,,"l, t",unilateral_alternating,,25,TRUE,no_speed,FALSE,,concentric,1,hip flexion,1,knee flexion,3,ankle dorsiflexion,,,,,,,,isometric,,,,,,,,,,,,,
102_a,assault bike arms,,,cycle,,,strength_cardiorespiratory,,,,u,unilateral_alternating,,,FALSE,low_force,FALSE,,,,,,,,,,,,,,,,isometric,,,,,,,,,,,,,
,standing cycling,,,cycle,,,strength_cardiorespiratory,,,,"l, t",unilateral_alternating,,,FALSE,low_force,FALSE,,,,,,,,,,,,,,,,isometric,,,,,,,,,,,,,
,Misc Equipment,,,,,,,,,,,,,,,,,,,,,,,,,,,,,,,,,,,,,,,,,,,,,
200_a,row,power phase,,row,,,strength_cardiorespiratory,machine resistence,double_leg,double_arm,,bilateral,,0,TRUE,low_force,TRUE,,concentric,1,hip extension,2,knee extension,,,2,Trunk Extension,2,Shoulder Horizontal Abduction (Horizontal Extension),2,elbow flexion,,isometric,,,,,,,,,,,,,
200_b,,recovery phase,,row,,,strength_cardiorespiratory,,double_leg,double_arm,,bilateral,,100,FALSE,no_speed,FALSE,,concentric,3,hip flexion,3,knee flexion,,,3,Trunk Flexion,3,Shoulder Horizontal Adduction (Horizontal Flexion),3,elbow extension,,isometric,,,,,,,,,,,,,
201_a,ski erg,power phase,https://www.concept2.com/skierg/training/technique-video,ski_erg,,,strength_cardiorespiratory,machine resistence,double_leg,double_arm,,bilateral,,100,TRUE,low_force,TRUE,,concentric,2,hip flexion,2,knee flexion,,,1,Trunk Flexion,,Shoulder Extension,,elbow extension,,isometric,,,,,,,,,,,,,
201_b,,recovery phase,,ski_erg,,,strength_cardiorespiratory,,double_leg,double_arm,,bilateral,,100,FALSE,no_speed,FALSE,,concentric,2,hip extension,2,knee extension,2,ankle plantar flexion,2,Trunk Extension,2,Shoulder Flexion,2,elbow flexion,,isometric,,,,,,,,,,,,,
202_a,ski erg alternating arms,power phase,https://www.concept2.com/skierg/training/technique-video,ski_erg,,,strength_cardiorespiratory,machine resistence,double_leg,alternating_arms,,unilateral_alternating,,100,TRUE,low_force,TRUE,,concentric,2,hip flexion,2,knee flexion,,,1,Trunk Flexion w/ Rotation,1,Shoulder Extension,1,elbow extension,,isometric,,,,,,,,,,,,,
202_b,,recovery phase,,ski_erg,,,strength_cardiorespiratory,,double_leg,alternating_arms,,unilateral_alternating,,100,FALSE,no_speed,FALSE,,concentric,2,hip extension,2,knee extension,2,ankle plantar flexion,2,Trunk Extension,2,Shoulder Flexion,2,elbow flexion,,isometric,,,,,,,,,,,,,
203_a,ski erg seated,power phase,https://www.concept2.com/skierg/training/technique-video,ski_erg,,,strength_cardiorespiratory,machine resistence,double_leg,double_arm,,unilateral_alternating,,40,TRUE,low_force,TRUE,,concentric,,,,,,,1,Trunk Flexion w/ Rotation,1,Shoulder Extension,1,elbow extension,,isometric,,,,,,,,,,,,,
203_b,,recovery phase,,ski_erg,,,strength_cardiorespiratory,,double_leg,double_arm,,unilateral_alternating,,40,FALSE,no_speed,FALSE,,concentric,,,,,,,2,Trunk Extension,2,Shoulder Flexion,2,elbow flexion,,isometric,,,,,,,,,,,,,
,Swimming,,,,,,,,,,,,,,,,,,,,,,,,,,,,,,,,,,,,,,,,,,,,,
300_a,freestyle,against resistence,,swim,,,strength_cardiorespiratory,,,alternating_arms,,unilateral_alternating,,0,TRUE,no_speed,TRUE,,concentric,,,,,,,2,Trunk Rotation,1,Shoulder Extension,,,,isometric,,,,transverse plane,,sagital plane,,,,,,,
,,return to start,,swim,,,strength_cardiorespiratory,,,alternating_arms,,unilateral_alternating,,10,FALSE,no_speed,FALSE,,concentric,,,,,,,,,1,"Shoulder Flexion
Shoulder External Rotation
Shoulder Internal Rotation",,,,isometric,,,,,,,,,,,,,
301_a,breaststoke,,,swim,,,strength_cardiorespiratory,,,,,bilateral,,,TRUE,no_speed,FALSE,,,,,,,,,,,,,,,,isometric,,,,,,,,,,,,,
302_a,backstroke,against resistence,,swim,,,strength_cardiorespiratory,,,alternating_arms,,unilateral_alternating,,0,TRUE,no_speed,TRUE,,concentric,,,,,,,,,,,,,,isometric,,,,,,,,,,,,,
,,return to start,,,,,strength_cardiorespiratory,,,alternating_arms,,unilateral_alternating,,10,FALSE,no_speed,FALSE,,concentric,,,,,,,,,,,,,,isometric,,,,,,,,,,,,,
303_a,scissor kicking,kick towards belly,,swim,,,strength_cardiorespiratory,,double_leg,,,unilateral_alternating,,,TRUE,no_speed,TRUE,,concentric,1,hip flexion,,,,,,,,,,,,isometric,,,,,,,,,,,,,
303_b,,hold leg straight while kick towards belly,,swim,,,strength_cardiorespiratory,,double_leg,,,unilateral_alternating,,,TRUE,no_speed,FALSE,,isometric,,,2,knee extension,,,,,,,,,,isometric,,,,,,,,,,,,,
303_c,,kick towards butt,,swim,,,strength_cardiorespiratory,,double_leg,,,unilateral_alternating,,,TRUE,no_speed,TRUE,,concentric,1,hip extension,,,,,,,,,,,,isometric,,,,,,,,,,,,,
303_d,,hold leg straight while kick towards butt,,swim,,,strength_cardiorespiratory,,double_leg,,,unilateral_alternating,,,TRUE,no_speed,FALSE,,isometric,,,2,knee flexion,,,,,,,,,,isometric,,,,,,,,,,,,,
304_a,dolphin kicking,kick towards belly,,swim,,,strength_cardiorespiratory,,double_leg,,,bilateral,,,TRUE,no_speed,TRUE,,concentric,1,hip flexion,,,,,,,,,,,,isometric,,,,,,,,,,,,,
304_b,,hold leg straight while kick towards belly,,swim,,,strength_cardiorespiratory,,double_leg,,,bilateral,,,TRUE,no_speed,FALSE,,isometric,,,2,knee extension,,,,,,,,,,isometric,,,,,,,,,,,,,
304_c,,kick towards butt,,swim,,,strength_cardiorespiratory,,double_leg,,,bilateral,,,TRUE,no_speed,TRUE,,concentric,1,hip extension,,,,,,,,,,,,isometric,,,,,,,,,,,,,
304_d,,hold leg straight while kick towards butt,,swim,,,strength_cardiorespiratory,,double_leg,,,bilateral,,,TRUE,no_speed,FALSE,,isometric,,,2,knee flexion,,,,,,,,,,isometric,,,,,,,,,,,,,
,,,,,,,,,,,,,,,FALSE,,FALSE,,,,,,,,,,,,,,,,isometric,,,,,,,,,,,,,
,Strength Endurance Actions ,,,,,,,,,,,,,,,,,,,,,,,,,,,,,,,,,,,,,,,,,,,,,
,postural stabilization,,,,,,,,,,,,,,,,,,,,,,,,,,,,,,,,,,,,,,,,,,,,,
1004,prone plank stabilization,,,,,,strength_endurance,,prone,double_arm,"l, t, u",bilateral,,100,TRUE,no_speed,FALSE,,isometric,1,hip flexion,2,knee extension,3,ankle dorsiflexion,1,Trunk Flexion,2,Shoulder Extension,,,,isometric,,,,sagital plane,frontal plane,,,,,,,,
1005_a,single arm prone plank stabilization,upper body,,,,,strength_endurance,,prone,single_arm,"t, u",unilateral,,100,TRUE,no_speed,FALSE,,isometric,,,,,,,1,Trunk Flexion w/ Rotation,2,Shoulder Extension,,,,isometric,,,,,,,,,,,,,
1005_b,,lower body,,,,,strength_endurance,,prone,,l,bilateral_uneven,,"60, 40",TRUE,no_speed,FALSE,,isometric,2,hip flexion,2,knee extension,3,ankle dorsiflexion,,,,,,,,,,,,,,,,,,,,,
,V-up hold,,,,,,strength_endurance,,prone,,,bilateral,,40,TRUE,no_speed,FALSE,,isometric,1,hip flexion,3,knee extension,,,2,Trunk Flexion,,,,,,isometric,,,,,,,,,,,,,
,supine plank stabilization,,,,,,strength_endurance,,supine,,,bilateral,,100,TRUE,no_speed,FALSE,,isometric,1,hip extension,,,2,ankle plantar flexion,1,Trunk Extension,2,Shoulder Extension,,,,isometric,,,,,,,,,,,,,
,side lying plank stabilization,,,,,,strength_endurance,,side_lying,,,bilateral,,100,TRUE,no_speed,FALSE,,isometric,1,hip adduction,,,,,1,Trunk Lateral Flexion,1,Shoulder Horizontal Abduction (Horizontal Extension),,,,isometric,,,,,,,,,,,,,
1000,power stance,,,,,,strength_endurance,,double_leg,,,bilateral,,100,TRUE,no_speed,TRUE,,isometric,1,hip extension,2,knee extension,3,ankle plantar flexion,3,Trunk Extension,,,,,,isometric,,,,sagital plane,,,,,,,,,
,split stance balance,,,,,,strength_endurance,,single_leg,,,bilateral_uneven,,"75, 25",TRUE,no_speed,TRUE,,isometric,1,hip extension,2,knee extension,3,ankle plantar flexion,3,Trunk Extension,,,,,,isometric,,,,,,,,,,,,,
,single leg balance,,,,,,strength_endurance,,single_leg,,,bilateral,,100,TRUE,no_speed,TRUE,,isometric,1,hip extension,2,knee extension,3,ankle plantar flexion,3,Trunk Extension,,,,,,isometric,,,,,,,,,,,,,
,,,,,,,,,,,,,,,FALSE,,FALSE,,,,,,,,,,,,,,,,isometric,,,,,,,,,,,,,
,Supine Actions,,,,,,,,,,,,,,,,,,,,,,,,,,,,,,,,,,,,,,,,,,,,,
1101_a,crunch ,up,,,,,strength_endurance,,supine,,,,,30,TRUE,no_speed,FALSE,,concentric,,,,,,,,Trunk Flexion,,,,,,isometric,,,,,,,,,,,,,
,,down,,,,,strength_endurance,,supine,,,,,30,TRUE,no_speed,FALSE,,eccentric,,,,,,,,Trunk Flexion,,,,,,isometric,,,,,,,,,,,,,
,Prone Actions,,,,,,,,,,,,,,,,,,,,,,,,,,,,,,,,,,,,,,,,,,,,,
1201_a,"prone, arms lateral walk",,,,,,strength_endurance,,prone,double_arm,,,,50,FALSE,no_speed,FALSE,,concentric,,,,,,,,,1,"Shoulder Horizontal Adduction (Horizontal Flexion)
Shoulder Horizontal Abduction (Horizontal Extension)",,,,isometric,,,,,,,,,,,,,
,Y,raise,,,,,strength_endurance,,prone,double_arm,,,,,FALSE,,FALSE,,,,,,,,,,,,,,,,isometric,,,,,,,,,,,,,
,,hold,,,,,strength_endurance,,prone,double_arm,,,,,FALSE,,FALSE,,,,,,,,,,,,,,,,isometric,,,,,,,,,,,,,
,,lower,,,,,strength_endurance,,prone,double_arm,,,,,FALSE,,FALSE,,,,,,,,,,,,,,,,isometric,,,,,,,,,,,,,
,T,raise,,,,,strength_endurance,,prone,double_arm,,,,,FALSE,,FALSE,,,,,,,,,,,,,,,,isometric,,,,,,,,,,,,,
,,hold,,,,,strength_endurance,,prone,double_arm,,,,,FALSE,,FALSE,,,,,,,,,,,,,,,,isometric,,,,,,,,,,,,,
,,lower,,,,,strength_endurance,,prone,double_arm,,,,,FALSE,,FALSE,,,,,,,,,,,,,,,,isometric,,,,,,,,,,,,,
,W,raise,,,,,strength_endurance,,prone,double_arm,,,,,FALSE,,FALSE,,,,,,,,,,,,,,,,isometric,,,,,,,,,,,,,
,,hold,,,,,strength_endurance,,prone,double_arm,,,,,FALSE,,FALSE,,,,,,,,,,,,,,,,isometric,,,,,,,,,,,,,
,,lower,,,,,strength_endurance,,prone,double_arm,,,,,FALSE,,FALSE,,,,,,,,,,,,,,,,isometric,,,,,,,,,,,,,
,leg raise,raise,,,,,strength_endurance,,prone,,,,,,FALSE,,FALSE,,,,,,,,,,,,,,,,isometric,,,,,,,,,,,,,
,,hold,,,,,strength_endurance,,prone,,,,,,FALSE,,FALSE,,,,,,,,,,,,,,,,isometric,,,,,,,,,,,,,
,,lower,,,,,strength_endurance,,prone,,,,,,FALSE,,FALSE,,,,,,,,,,,,,,,,isometric,,,,,,,,,,,,,
,,,,,,,,,,,,,,,FALSE,,FALSE,,,,,,,,,,,,,,,,isometric,,,,,,,,,,,,,
,Sidelying Actions,,,,,,,,,,,,,,,,,,,,,,,,,,,,,,,,,,,,,,,,,,,,,
,,,,,,,,,,,,,,,FALSE,,FALSE,,,,,,,,,,,,,,,,,,,,,,,,,,,,,
,,,,,,,,,,,,,,,FALSE,,FALSE,,,,,,,,,,,,,,,,,,,,,,,,,,,,,
,,,,,,,,,,,,,,,FALSE,,FALSE,,,,,,,,,,,,,,,,,,,,,,,,,,,,,
,,,,,,,,,,,,,,,FALSE,,FALSE,,,,,,,,,,,,,,,,isometric,,,,,,,,,,,,,
,Quadruped Actions,,,,,,,,,,,,,,,,,,,,,,,,,,,,,,,,,,,,,,,,,,,,,
,,,,,,,,,,,,,,,FALSE,,FALSE,,,,,,,,,,,,,,,,isometric,,,,,,,,,,,,,
,,,,,,,,,,,,,,,FALSE,,FALSE,,,,,,,,,,,,,,,,isometric,,,,,,,,,,,,,
,Bridge Actions,,,,,,,,,,,,,,,,,,,,,,,,,,,,,,,,,,,,,,,,,,,,,
,,,,,,,,,,,,,,,FALSE,,FALSE,,,,,,,,,,,,,,,,isometric,,,,,,,,,,,,,
,,,,,,,,,,,,,,,FALSE,,FALSE,,,,,,,,,,,,,,,,isometric,,,,,,,,,,,,,
,Kneeling Actions,,,,,,,,,,,,,,,,,,,,,,,,,,,,,,,,,,,,,,,,,,,,,
,,,,,,,,,,,,,,,FALSE,,FALSE,,,,,,,,,,,,,,,,isometric,,,,,,,,,,,,,
,,,,,,,,,,,,,,,FALSE,,FALSE,,,,,,,,,,,,,,,,isometric,,,,,,,,,,,,,
,,,,,,,,,,,,,,,,,,,,,,,,,,,,,,,,,,,,,,,,,,,,,,
,,,,,,,,,,,,,,,FALSE,,FALSE,,,,,,,,,,,,,,,,isometric,,,,,,,,,,,,,
,,,,,,,,,,,,,,,FALSE,,FALSE,,,,,,,,,,,,,,,,isometric,,,,,,,,,,,,,
,Integrated Resistence Actions ,,,,weight_position,,,,,,,,,,,,,,,,,,,,,,,,,,,,,,,,,,,,,,,,,
,Carry,,,,,,,,,,,,,,,,,,,,,,,,,,,,,,,,,,,,,,,,,,,,,
2001,"full extension, hold weight overhead",,,,,,strength_integrated_resistance,,,double_arm,,bilateral,,,TRUE,none,TRUE,,isometric,,,,,,,,,,Shoulder Extension,,elbow flexion,,isometric,,,,,,,,,,,,,
2002,"curl, hold weight at waist",,,,,,strength_integrated_resistance,,,double_arm,,bilateral,,,TRUE,none,TRUE,,isometric,,,,,,,,,,,,elbow flexion,,isometric,,,,,,,,,,,,,
2003,hold arm straight,,,,,,strength_integrated_resistance,,,double_arm,,bilateral,,,FALSE,none,FALSE,,isometric,,,,,,,,,,,,elbow extension,,isometric,,,,,,,,,,,,,
,,,,,,,,,,,,,,,FALSE,,FALSE,,,,,,,,,,,,,,,,isometric,,,,,,,,,,,,,
2005,hold weight on shoulder,,,,,,strength_integrated_resistance,,,single_arm,,unilateral,,"100, 0",TRUE,none,FALSE,,isometric,,,,,,,,Trunk Extension,,,,,,isometric,hip extension,,Trunk Lateral Flexion,Posterior Pelvic Tilt,,,,,,,,,
,,,,,,,,,,,,,,,FALSE,,FALSE,,,,,,,,,,,,,,,,isometric,,,,,,,,,,,,,
,Isolated Upper Body Actions - push pull,,,,,,,,,,,,,,,,,,,,,,,,,,,,,,,,,,,,,,,,,,,,,
2100_a,horizontal push,against resistence,pushup,,,,strength_integrated_resistance,,,double_arm,,bilateral,,"50, 50",TRUE,none,FALSE,,concentric,,,,,,,,,,"Shoulder Horizontal Adduction (Horizontal Flexion)
Shoulder Flexion",,elbow extension,,isometric,,,,,,,,,,,,,
2100_b,,return to start,,,,,strength_integrated_resistance,,,double_arm,,bilateral,,"50, 51",TRUE,none,FALSE,,eccentric,,,,,,,,,,"Shoulder Horizontal Abduction (Horizontal Extension)
Shoulder Extension",,elbow flexion,,isometric,,,,,,,,,,,,,
,wide stance push,against resistence,,,,,strength_integrated_resistance,,,double_arm,,bilateral,,"50, 52",TRUE,none,FALSE,,concentric,,,,,,,,,,Shoulder Horizontal Adduction (Horizontal Flexion),,elbow extension,,isometric,,,,,,,,,,,,,
,,return to start,,,,,strength_integrated_resistance,,,double_arm,,bilateral,,"50, 53",TRUE,none,FALSE,,eccentric,,,,,,,,,,Shoulder Horizontal Abduction (Horizontal Extension),,elbow flexion,,isometric,,,,,,,,,,,,,
,narrow stance push,against resistence,,,,,strength_integrated_resistance,,,double_arm,,bilateral,,"50, 54",TRUE,,FALSE,,,,,,,,,,,,Shoulder Flexion,,,,isometric,,,,,,,,,,,,,
,,return to start,,,,,strength_integrated_resistance,,,double_arm,,bilateral,,"50, 55",TRUE,,FALSE,,,,,,,,,,,,Shoulder Extension,,,,isometric,,,,,,,,,,,,,
,horizontal pull,against resistence,row,,,,strength_integrated_resistance,,,double_arm,,bilateral,,,TRUE,,FALSE,,,,,,,,,,,,,,,,isometric,,,,,,,,,,,,,
,,return to start,,,,,strength_integrated_resistance,,,double_arm,,bilateral,,,TRUE,,FALSE,,,,,,,,,,,,,,,,isometric,,,,,,,,,,,,,
,vertical pull,against resistence,lat pull down,,,,strength_integrated_resistance,,,double_arm,,bilateral,,,TRUE,,FALSE,,,,,,,,,,,,,,,,isometric,,,,,,,,,,,,,
,,return to start,,,,,strength_integrated_resistance,,,double_arm,,bilateral,,,TRUE,,FALSE,,,,,,,,,,,,,,,,isometric,,,,,,,,,,,,,
,vertical push,against resistence,land mine press,,,,strength_integrated_resistance,,,double_arm,,bilateral,,,TRUE,,FALSE,,,,,,,,,,,,,,,,isometric,,,,,,,,,,,,,
,,return to start,,,,,strength_integrated_resistance,,,double_arm,,bilateral,,,TRUE,,FALSE,,,,,,,,,,,,,,,,isometric,,,,,,,,,,,,,
,single arm horizontal pull = row,,,,,,strength_integrated_resistance,,,single_arm,,unilateral,,,TRUE,,FALSE,,,,,,,,,,,,,,,,isometric,,,,,,,,,,,,,
,,,,,,,,,,,,,,,TRUE,,FALSE,,,,,,,,,,,,,,,,isometric,,,,,,,,,,,,,
,Lat Pulldown as shoulder flexion in front of body,,,,,,strength_integrated_resistance,Cable,double_leg,double_arm,bilateral,2,0,0,"50, 50",TRUE,no_speed,,concentric,,,,,,,,,1,Shoulder Extension,,,,isometric,,,Trunk Flexion,,,elbow extension,,,,,,,
,,,,,,,strength_integrated_resistance,Cable,double_leg,double_arm,bilateral,2,0,0,"50, 50",TRUE,no_speed,,eccentric,,,,,,,,,1,Shoulder Flexion,,,,isometric,,,Trunk Flexion,,,elbow extension,,,,,,,
,,,,,,,,,,,,,,,FALSE,,FALSE,,,,,,,,,,,,,,,,,,,,,,,,,,,,,
,"Isolated Lower Body Actions - squat, hinge",,,,body_position,,,,,,,,,,,,,,,,,,,,,,,,,,,,,,,,,,,,,,,,,
2200,hinge,,,,,,strength_integrated_resistance,,double_leg,,,,,,FALSE,,FALSE,,,,,,,,,,,,,,,,isometric,,,,,,,,,,,,,
,,,,,,,strength_integrated_resistance,,double_leg,,,,,,FALSE,,FALSE,,,,,,,,,,,,,,,,isometric,,,,,,,,,,,,,
,single leg hinge,,,,,,strength_integrated_resistance,,single_leg,,,,,,FALSE,,FALSE,,,,,,,,,,,,,,,,isometric,,,,,,,,,,,,,
,,,,,,,strength_integrated_resistance,,single_leg,,,,,,FALSE,,FALSE,,,,,,,,,,,,,,,,isometric,,,,,,,,,,,,,
,squat,,,,,,strength_integrated_resistance,,double_leg,,,,,,FALSE,,FALSE,,,,,,,,,,,,,,,,isometric,,,,,,,,,,,,,
,,,,,,,strength_integrated_resistance,,double_leg,,,,,,FALSE,,FALSE,,,,,,,,,,,,,,,,isometric,,,,,,,,,,,,,
,staggered squat,,,,,,strength_integrated_resistance,,staggered_leg,,,,,,FALSE,,FALSE,,,,,,,,,,,,,,,,isometric,,,,,,,,,,,,,
,,,,,,,strength_integrated_resistance,,staggered_leg,,,,,,FALSE,,FALSE,,,,,,,,,,,,,,,,isometric,,,,,,,,,,,,,
,lunge,,,,,,strength_integrated_resistance,,split_leg,,,,,,FALSE,,FALSE,,,,,,,,,,,,,,,,isometric,,,,,,,,,,,,,
,,,,,,,strength_integrated_resistance,,split_leg,,,,,,FALSE,,FALSE,,,,,,,,,,,,,,,,isometric,,,,,,,,,,,,,
,single leg squat,,,,,,strength_integrated_resistance,,single_leg,,,,,,FALSE,,FALSE,,,,,,,,,,,,,,,,isometric,,,,,,,,,,,,,
,,,,,,,strength_integrated_resistance,,single_leg,,,,,,FALSE,,FALSE,,,,,,,,,,,,,,,,isometric,,,,,,,,,,,,,
,Moving External Weight,,,,body_position,,,,,,,,,,,,,,,,,,,,,,,,,,,,,,,,,,,,,,,,,
2300_a,move weight from front of hip to above head,,,,,,strength_integrated_resistance,,,,,,,10,TRUE,no_speed,FALSE,,,,,,,,,,,,,,,,isometric,,,,,,,,,,,,,
2300_b,,,,,,,strength_integrated_resistance,,,,,,,10,TRUE,no_speed,FALSE,,,,,,,,,,,,,,,,isometric,,,,,,,,,,,,,
2301_a,press weight from shoulder to above head,shoulder up,,,,,strength_integrated_resistance,,,,,,,10,TRUE,no_speed,FALSE,,,,,,,,,,,,,,,,isometric,,,,,,,,,,,,,
2301_b,,above down to shoulder,,,,,strength_integrated_resistance,,,,,,,10,TRUE,no_speed,FALSE,,,,,,,,,,,,,,,,isometric,,,,,,,,,,,,,
2302_1,move weight from outside hip to same shoulder,,,,,,strength_integrated_resistance,,,,,,,10,TRUE,no_speed,FALSE,,,,,,,,,,,,,,,,isometric,,,,,,,,,,,,,
2302_b,,,,,,,strength_integrated_resistance,,,,,,,10,TRUE,no_speed,FALSE,,,,,,,,,,,,,,,,isometric,,,,,,,,,,,,,
2303_a,move weight from ouside hip to opposite shoulder,hip to shoulder,,,,,strength_integrated_resistance,,,double_arm,,,,10,TRUE,no_speed,FALSE,,concentric,,,,,,,,Trunk Rotation,,"Shoulder Horizontal Adduction (Horizontal Flexion)
Shoulder Horizontal Abduction (Horizontal Extension)
Shoulder Flexion",,,,isometric,,,,,,,,,,,,,
2303_b,,shoulder to hip,,,,,strength_integrated_resistance,,,double_arm,,,,10,TRUE,no_speed,FALSE,,eccentric,,,,,,,,Trunk Rotation,,"Shoulder Horizontal Adduction (Horizontal Flexion)
Shoulder Horizontal Abduction (Horizontal Extension)
Shoulder Extension",,,,isometric,,,,,,,,,,,,,
2304_a,"move weight from floor, to the side, to above the head","floor, side, above head",,,,,strength_integrated_resistance,,,double_arm,,,,30,TRUE,no_speed,FALSE,,concentric,,hip extension,,knee extension,,,,Trunk Extension w/ Rotation,,"Shoulder Horizontal Adduction (Horizontal Flexion)
Shoulder Horizontal Abduction (Horizontal Extension)
Shoulder Flexion",,,,isometric,,,,,,,,,,,,,
2304_b,,"above head, side, floor",,,,,strength_integrated_resistance,,,double_arm,,,,30,TRUE,no_speed,FALSE,,eccentric,,hip flexion,,knee flexion,,,,Trunk Flexion,,"Shoulder Horizontal Adduction (Horizontal Flexion)
Shoulder Horizontal Abduction (Horizontal Extension)
Shoulder Extension",,,,isometric,,,,,,,,,,,,,
,,,,,,,,,,,,,,,FALSE,,FALSE,,,,,,,,,,,,,,,,isometric,,,,,,,,,,,,,
,,,,,,,,,,,,,,,FALSE,,FALSE,,,,,,,,,,,,,,,,isometric,,,,,,,,,,,,,
,Olympic Lift Components,,,,body_position,,,,,,,,,,,,,,,,,,,,,,,,,,,,,,,,,,,,,,,,,
lift bar from floor to hip,,,,,,,,,,,,,,,FALSE,,FALSE,,,,,,,,,,,,,,,,,,,,,,,,,,,,,
,Deadlift: bar from floor to knee,,,,,,,"barbell, hexbar, dumbell",,,,,,,FALSE,,FALSE,,,,,,,,,,,,,,,,,,,,,,,,,,,,,
,Deadlift: bar from knee to hip,,,,,,,,,,,,,,FALSE,,FALSE,,,,,,,,,,,,,,,,,,,,,,,,,,,,,
,Deadlift: bar from hip to knee,,,,,,,,,,,,,,FALSE,,FALSE,,,,,,,,,,,,,,,,,,,,,,,,,,,,,
,Deadlift: bar from knee to floor,,,,,,,,,,,,,,FALSE,,FALSE,,,,,,,,,,,,,,,,,,,,,,,,,,,,,
lift bar from hip to shoulder,,,,,,,,,,,,,,,FALSE,,FALSE,,,,,,,,,,,,,,,,,,,,,,,,,,,,,
,Clean: Explosive Extension with shrug,,,,,,,,,,,,,,FALSE,,FALSE,,,,,,,,,,,,,,,,,,,,,,,,,,,,,
,Clean: Drop and Receive,,,,,,,,,,,,,,FALSE,,FALSE,,,,,,,,,,,,,,,,,,,,,,,,,,,,,
,Swing Clean: Explovie Extension,,,,,,,"kettlebell, double_kettlebell",,,,,,,FALSE,,FALSE,,,,,,,,,,,,,,,,,,,,,,,,,,,,,
,Swing Clean: Drop and Receive,,,,,,,"kettlebell, double_kettlebell",,,,,,,FALSE,,FALSE,,,,,,,,,,,,,,,,,,,,,,,,,,,,,
squat,,,,,,,,,,,,,,,FALSE,,FALSE,,,,,,,,,,,,,,,,,,,,,,,,,,,,,
,front squat: standing up,,,,,,,,,,,,,,FALSE,,FALSE,,,,,,,,,,,,,,,,,,,,,,,,,,,,,
,front squat: squatting down,,,,,,,,,,,,,,FALSE,,FALSE,,,,,,,,,,,,,,,,,,,,,,,,,,,,,
,front squat: stagger stance standing up,,,,,,,,,,,,,,FALSE,,FALSE,,,,,,,,,,,,,,,,,,,,,,,,,,,,,
,front squat: stagger stance squatting down,,,,,,,,,,,,,,FALSE,,FALSE,,,,,,,,,,,,,,,,,,,,,,,,,,,,,
raise bar from shoulder above head:,,,,,,,,,,,,,,,FALSE,,FALSE,,,,,,,,,,,,,,,,,,,,,,,,,,,,,
,Push Press: squat down,,,,,,,,,,,,,,FALSE,,FALSE,,,,,,,,,,,,,,,,,,,,,,,,,,,,,
,Push Press: Pop up,,,,,,,,,,,,,,FALSE,,FALSE,,,,,,,,,,,,,,,,,,,,,,,,,,,,,
,Shoulder Press: raise up,,,,,,,,,,,,,,FALSE,,FALSE,,,,,,,,,,,,,,,,,,,,,,,,,,,,,
,Shoulder Press: lower down,,,,,,,,,,,,,,FALSE,,FALSE,,,,,,,,,,,,,,,,,,,,,,,,,,,,,
,Push Jerk: squat down,,,,,,,,,,,,,,FALSE,,FALSE,,,,,,,,,,,,,,,,,,,,,,,,,,,,,
,Push Jerk: Pop up,,,,,,,,,,,,,,FALSE,,FALSE,,,,,,,,,,,,,,,,,,,,,,,,,,,,,
,Push Jerk: Catch,,,,,,,,,,,,,,FALSE,,FALSE,,,,,,,,,,,,,,,,,,,,,,,,,,,,,
,,,,,,,,,,,,,,,FALSE,,FALSE,,,,,,,,,,,,,,,,,,,,,,,,,,,,,
,,,,,,,,,,,,,,,FALSE,,FALSE,,,,,,,,,,,,,,,,,,,,,,,,,,,,,
,,,,,,,,,,,,,,,FALSE,,FALSE,,,,,,,,,,,,,,,,,,,,,,,,,,,,,
,Plyometric Actions,,,,,,,,,,,,,,,,,,,,,,,,,,,,,,,,,,,,,,,,,,,,,
,Jumps,,,,,,,,,,,,,,,,,,,,,,,,,,,,,,,,,,,,,,,,,,,,,
3001_a,squat jump,squat jump take off,,,,,power_action_plyometrics,,double_leg,,,bilateral,,100,TRUE,high_force,FALSE,,concentric,,hip extension,,knee extension,,,,,,,,,,isometric,,,,,,,,,,,,,
3001_b,,squat jump landing,,,,,power_action_plyometrics,,double_leg,,,bilateral,,100,TRUE,low_force,FALSE,,eccentric,,hip flexion,,knee flexion,,,,,,,,,,isometric,,,,,,,,,,,,,
3002_a,split squat jump,split squat take off,,,,,power_action_plyometrics,,split_leg,,,bilateral_uneven,,100 (75 / 25),TRUE,high_force,FALSE,,concentric,,hip extension,,knee extension,,,,,,,,,,isometric,hip abduction,,,,,,,,,,,,
3002_b,,spit squat landing,,,,,power_action_plyometrics,,split_leg,,,bilateral_uneven,,100 (75 / 25),TRUE,low_force,FALSE,,eccentric,,hip flexion,,knee flexion,,,,,,,,,,isometric,hip abduction,,,,,,,,,,,,
3002_c,,split squat hold,,,,,power_action_plyometrics,,split_leg,,,bilateral_uneven,,100 (75 / 25),TRUE,no_speed,FALSE,,isometric,,hip extension,,knee extension,,,,,,,,,,isometric,hip abduction,,,,,,,,,,,,
3003,single leg squat jump,,,,,,power_action_plyometrics,,,,,,,,FALSE,,FALSE,,,,,,,,,,,,,,,,isometric,,,,,,,,,,,,,
,,,,,,,power_action_plyometrics,,,,,,,,FALSE,,FALSE,,,,,,,,,,,,,,,,isometric,,,,,,,,,,,,,
3004_a,broad jump,broad jump take off,,,,,power_action_plyometrics,,double_leg,,,,,,TRUE,mod_force,TRUE,,concentric,,hip extension,,knee extension,,ankle plantar flexion,,,,,,,,isometric,,,,,,,,,,,,,
3004_b,,broad jump landing,,,,,power_action_plyometrics,,double_leg,,,,,,TRUE,,TRUE,,eccentric,,hip flexion,,knee flexion,,ankle dorsiflexion,,,,,,,,isometric,,,,,,,,,,,,,
,single leg jump ,,,,,,,,,,,,,,FALSE,,FALSE,,,,,,,,,,,,,,,,isometric,,,,,,,,,,,,,
,,,,,,,,,,,,,,,FALSE,,FALSE,,,,,,,,,,,,,,,,,,,,,,,,,,,,,
"3001, 3020, 1004",burpee,,,,,,,,,,,,,,,,,,,,,,,,,,,,,,,,,,,,,,,,,,,,,
,,,,,,,,,,,,,,,FALSE,,FALSE,,,,,,,,,,,,,,,,,,,,,,,,,,,,,
,,,,,,,,,,,,,,,FALSE,,FALSE,,,,,,,,,,,,,,,,,,,,,,,,,,,,,
,,,,,,,,,,,,,,,FALSE,,FALSE,,,,,,,,,,,,,,,,,,,,,,,,,,,,,
3020_a,jump into prone plank,arms down,,,,,power_action_plyometrics,,double_leg,,,,,,FALSE,,FALSE,,,,,,,,,,,,,,,,isometric,,,,,,,,,,,,,
3020_b,,leg extension,,,,,power_action_plyometrics,,prone,,,,,,FALSE,,FALSE,,,,,,,,,,,,,,,,isometric,,,,,,,,,,,,,
3020_c,jump out of prone plank,feet to hands,,,,,power_action_plyometrics,,prone,,,,,,FALSE,,FALSE,,,,,,,,,,,,,,,,isometric,,,,,,,,,,,,,
3020_d,,squat to upright,,,,,power_action_plyometrics,,double_leg,,,,,,FALSE,,FALSE,,,,,,,,,,,,,,,,isometric,,,,,,,,,,,,,
,,,,,,,,,,,,,,,FALSE,,FALSE,,,,,,,,,,,,,,,,isometric,,,,,,,,,,,,,
,,,,,,,,,,,,,,,FALSE,,FALSE,,,,,,,,,,,,,,,,isometric,,,,,,,,,,,,,
,Med ball throws,,,,,,,,,,,,,,,,,,,,,,,,,,,,,,,,,,,,,,,,,,,,,
3100_a,chest / push throw,throw,,,,,power_action_plyometrics,,,double_arm,,,,,TRUE,mod_force,FALSE,,concentric,,,,,,,,,,Shoulder Horizontal Adduction (Horizontal Flexion),,elbow extension,,isometric,,,,,,elbow extension,,,,,,,
3100_b,,loading / catch,,,,,power_action_plyometrics,,,double_arm,,,,,TRUE,mod_force,FALSE,,eccentric,,,,,,,,,,Shoulder Horizontal Abduction (Horizontal Extension),,elbow flexion,,isometric,,,,,,elbow flexion,,,,,,,
3101_a,overhead throw,throw,,,,,power_action_plyometrics,,,double_arm,,,,,TRUE,mod_force,FALSE,,concentric,,,,,,,,Trunk Flexion,,,,,,isometric,,,,,,,,,,,,,
3101_b,,loading / catch,,,,,power_action_plyometrics,,,double_arm,,,,,TRUE,mod_force,FALSE,,eccentric,,,,,,,,Trunk Extension,,,,,,isometric,,,,,,,,,,,,,
3102_1,lateral throw,throw,,,,,power_action_plyometrics,,,double_arm,,,,,TRUE,mod_force,FALSE,,concentric,,,,,,,,Trunk Rotation,,,,,,isometric,,,,,,,,,,,,,
3102_b,,loading / catch,,,,,power_action_plyometrics,,,double_arm,,,,,TRUE,mod_force,FALSE,,eccentric,,,,,,,,Trunk Rotation,,,,,,isometric,,,,,,,,,,,,,
3103_a,slam from overhead,throw,,,,,power_action_plyometrics,,,double_arm,,,,,TRUE,high_force,FALSE,,concentric,,,,,,,,Trunk Flexion,,,,,,isometric,,,,,,,,,,,,,
3103_b,,stand upright,,,,,power_action_plyometrics,,,double_arm,,,,,FALSE,,FALSE,,,,,,,,,,,,,,,,isometric,,,,,,,,,,,,,
,single arm throw,,,,,,power_action_plyometrics,,,single_arm,,,,,FALSE,,FALSE,,,,,,,,,,,,,,,,isometric,,,,,,,,,,,,,
,,,,,,,,,,,,,,,FALSE,,FALSE,,,,,,,,,,,,,,,,isometric,,,,,,,,,,,,,
,Olympic Lift Action,,,,,,,,,,,,,,,,,,,,,,,,,,,,,,,,,,,,,,,,,,,,,
,push press,positive,,,,,power_action_olympic_lift,"barbell, dumbbell, kettlebell",,double_arm,,bilateral,,10,TRUE,max_force,TRUE,,concentric,,,,,,,,,1,Shoulder Flexion,3,elbow extension,,,,,,,,,,,,,,,
,,negative,,,,,power_action_olympic_lift,"barbell, dumbbell, kettlebell",,double_arm,,bilateral,,10,TRUE,no_speed,TRUE,,eccentric,,,,,,,,,,Shoulder Extension,,elbow flexion,,,,,,,,,,,,,,,
,,"lower body, positive",,,,,power_action_olympic_lift,,double_leg,,,bilateral,,100,TRUE,max_force,FALSE,,concentric,,,2,knee extension,2,ankle plantar flexion,,,,,,,,,,,,,,,,,,,,,
,,"lower body, negative",,,,,power_action_olympic_lift,,double_leg,,,bilateral,,100,TRUE,no_speed,FALSE,,eccentric,,,2,knee flexion,2,ankle dorsiflexion,,,,,,,,,,,,,,,,,,,,,
,single arm push press,"arms, positive",,,,,power_action_olympic_lift,"dumbbell, kettlebell",,single_arm,,unilateral,,5,TRUE,max_force,TRUE,,concentric,,,,,,,,,1,Shoulder Flexion,3,elbow extension,,,,,Trunk Lateral Flexion,,,,,,,,,,
,,"arms, negative",,,,,power_action_olympic_lift,"dumbbell, kettlebell",,single_arm,,unilateral,,5,TRUE,no_speed,TRUE,,eccentric,,,,,,,,,1,Shoulder Extension,3,elbow flexion,,,,,Trunk Lateral Flexion,,,,,,,,,,
,,"lower body, positive",,,,,power_action_olympic_lift,,double_leg,,,bilateral_uneven,,"60, 40",TRUE,max_force,FALSE,,concentric,,,2,knee extension,2,ankle plantar flexion,,,,,,,,,,,,,,,,,,,,,
,,"lower body, negative",,,,,power_action_olympic_lift,,double_leg,,,bilateral_uneven,,"60, 40",TRUE,no_speed,FALSE,,eccentric,,,2,knee flexion,2,ankle dorsiflexion,,,,,,,,,,,,,,,,,,,,,
,clean and jerk,,,,,,power_action_olympic_lift,,,,,,,,FALSE,,FALSE,,,,,,,,,,,,,,,,,,,,,,,,,,,,,
,,,,,,,power_action_olympic_lift,,,,,,,,FALSE,,FALSE,,,,,,,,,,,,,,,,,,,,,,,,,,,,,
,,,,,,,power_action_olympic_lift,,,,,,,,FALSE,,FALSE,,,,,,,,,,,,,,,,,,,,,,,,,,,,,
,,,,,,,power_action_olympic_lift,,,,,,,,FALSE,,FALSE,,,,,,,,,,,,,,,,,,,,,,,,,,,,,
,,,,,,,power_action_olympic_lift,,,,,,,,FALSE,,FALSE,,,,,,,,,,,,,,,,,,,,,,,,,,,,,
,Plyometric Drills,,,,,,,,,,,,,,,,,,,,,,,,,,,,,,,,,,,,,,,,,,,,,
,Gait,,,,,,,,,,,,,,,,,,,,,,,,,,,,,,,,,,,,,,,,,,,,,
4000_a,5 meter Sprint,propulsion,,,,,power_drills_plyometrics,,single_leg,,,unilateral_alternating,,100,TRUE,low_force,FALSE,,concentric,,hip extension,,knee extension,,ankle plantar flexion,,,,,,,,,,,,,,,,,,,,,
4000_b,,landing,,,,,power_drills_plyometrics,,single_leg,,,unilateral_alternating,,100,TRUE,low_force,FALSE,,eccentric,,hip flexion,,knee flexion,,ankle dorsiflexion,,,,,,,,,,,,,,,,,,,,,
4001_a,bounding,bound take off,https://www.youtube.com/watch?v=0WF-6oUIFlU&feature=youtu.be,,,,power_drills_plyometrics,,single_leg,,,unilateral_alternating,,100,TRUE,mod_force,TRUE,,concentric,,hip extension,,knee extension,,ankle plantar flexion,,,,,,,,isometric,,,,,,,,,,,,,
4001_b,,bound landing,,,,,power_drills_plyometrics,,single_leg,,,unilateral_alternating,,100,TRUE,low_force,TRUE,,eccentric,,hip flexion,,knee flexion,,ankle dorsiflexion,,,,,,,,isometric,,,,,,,,,,,,,
4002,skips,,,,,,power_drills_plyometrics,,single_leg,,,unilateral_alternating,,100,TRUE,,FALSE,,,,,,,,,,,,,,,,isometric,,,,,,,,,,,,,
4003_a,5 meter backwards run,,,,,,power_drills_plyometrics,,single_leg,,,unilateral_alternating,,100,TRUE,,FALSE,,,,,,,,,,,,,,,,,,,,,,,,,,,,,
4003_b,,,,,,,power_drills_plyometrics,,single_leg,,,unilateral_alternating,,100,TRUE,,FALSE,,,,,,,,,,,,,,,,,,,,,,,,,,,,,
4004,forward steps over hurdles,,,,,,power_drills_plyometrics,,single_leg,,,unilateral_alternating,,100,TRUE,,FALSE,,,,,,,,,,,,,,,,isometric,,,,,,,,,,,,,
,,,,,,,power_drills_plyometrics,,single_leg,,,,,,FALSE,,FALSE,,,,,,,,,,,,,,,,isometric,,,,,,,,,,,,,
,,,,,,,power_drills_plyometrics,,single_leg,,,,,,FALSE,,FALSE,,,,,,,,,,,,,,,,isometric,,,,,,,,,,,,,
,Lateral Gait,,,,,,,,,,,,,,,,,,,,,,,,,,,,,,,,,,,,,,,,,,,,,
4100,lateral run,,,,,,power_drills_plyometrics,,single_leg,,,unilateral_alternating,,,FALSE,,FALSE,,,,,,,,,,,,,,,,isometric,,,,,,,,,,,,,
4101,"lateral bounding, 45deg from centerline",,https://www.youtube.com/watch?v=DmzZtuzKFds,,,,power_drills_plyometrics,,single_leg,,,unilateral_alternating,,,FALSE,,FALSE,,,,,,,,,,,,,,,,isometric,,,,,,,,,,,,,
4102,lateral skip,,,,,,power_drills_plyometrics,,single_leg,,,unilateral_alternating,,,FALSE,,FALSE,,,,,,,,,,,,,,,,isometric,,,,,,,,,,,,,
4103,lateral shuffle,,,,,,power_drills_plyometrics,,single_leg,,,unilateral_alternating,,,FALSE,,FALSE,,,,,,,,,,,,,,,,isometric,,,,,,,,,,,,,
,,,,,,,,,single_leg,,,,,,FALSE,,FALSE,,,,,,,,,,,,,,,,,,,,,,,,,,,,,
,lateral steps over hurdles,,,,,,power_drills_plyometrics,,single_leg,,,,,,FALSE,,FALSE,,,,,,,,,,,,,,,,isometric,,,,,,,,,,,,,
,Directonal Changes,,,,,,,,,,,,,,,,,,,,,,,,,,,,,,,,,,,,,,,,,,,,,
4200,plant for 90deg cut,decelerate,,,,,power_drills_plyometrics,,single_leg,,,unilateral,,100,TRUE,high_force,TRUE,,eccentric,1,hip flexion,1,knee flexion,2,ankle dorsiflexion,,,,,,,,isometric,frontal plane,frontal plane,,,,,,,,,,,
,,accelerate,,,,,power_drills_plyometrics,,single_leg,,,unilateral,,100,TRUE,high_force,TRUE,,concentric,1,"hip abduction
hip extension",1,knee extension,2,ankle plantar flexion,,,,,,,,isometric,frontal plane,frontal plane,frontal plane,,,,,,,,,,
4201,"180 deg change of direction, 
weight on outside leg (i.e. shuffle)",decelerate,https://youtu.be/Uqk3GPQmiNU,,,,power_drills_plyometrics,,single_leg,,,unilateral,,100,TRUE,high_force,TRUE,,eccentric,1,"hip adduction
hip flexion",1,knee flexion,3,ankle dorsiflexion,,,,,,,,isometric,frontal plane,frontal plane,frontal plane,,,,,,,,,,
,,accelerate,,,,,power_drills_plyometrics,,single_leg,,,unilateral,,100,TRUE,mod_force,TRUE,,concentric,1,"hip abduction
hip extension",1,knee extension,3,ankle plantar flexion,,,,,,,,isometric,frontal plane,frontal plane,frontal plane,,,,,,,,,,
4202,"180 deg change of direction, 
weight on inside leg (i.e. cut)",decelerate,https://youtu.be/2C5ro8111_s,,,,power_drills_plyometrics,,single_leg,,,unilateral,,100,TRUE,high_force,TRUE,,eccentric,1,hip flexion,1,knee flexion,2,ankle dorsiflexion,,,,,,,,isometric,frontal plane,frontal plane,,,,,,,,,,,
,,accelerate,,,,,power_drills_plyometrics,,single_leg,,,unilateral,,100,TRUE,high_force,TRUE,,concentric,1,hip extension,1,knee extension,2,ankle plantar flexion,,,,,,,,isometric,frontal plane,frontal plane,,,,,,,,,,,
4203,"change of direction around cone, 
90 or 180deg ",decelerate,https://youtu.be/rLtvdHEwnus?t=22,,,,power_drills_plyometrics,,single_leg,,,unilateral,,100,TRUE,mod_force,TRUE,,eccentric,1,hip flexion,1,knee flexion,2,ankle dorsiflexion,,,,,,,,isometric,frontal plane,frontal plane,,,,,,,,,,,
,,accelerate,,,,,power_drills_plyometrics,,single_leg,,,unilateral,,100,TRUE,mod_force,TRUE,,concentric,1,hip extension,1,knee extension,2,ankle plantar flexion,,,,,,,,isometric,frontal plane,frontal plane,,,,,,,,,,,
,Hops,,,,,,,,,,,,,,,,,,,,,,,,,,,,,,,,,,,,,,,,,,,,,
4300,two leg hop,forward,https://www.youtube.com/watch?v=EUp2Q8ID1dM&app=desktop,,,,power_drills_plyometrics,,double_leg,,,,,,FALSE,,FALSE,,concentric,3,hip extension,1,knee extension,1,ankle plantar flexion,,,,,,,,isometric,,,,,,,,,,,,,
,,backward,,,,,power_drills_plyometrics,,double_leg,,,,,,FALSE,,FALSE,,eccentric,1,hip flexion,1,knee flexion,2,ankle dorsiflexion,,,,,,,,isometric,,,,,,,,,,,,,
,,lateral,,,,,power_drills_plyometrics,,double_leg,,,,,,FALSE,,FALSE,,,,,,,,,,,,,,,,isometric,,,,,,,,,,,,,
4301,single leg hop,forward,,,,,power_drills_plyometrics,,single_leg,,,,,,FALSE,,FALSE,,,,,,,,,,,,,,,,isometric,,,,,,,,,,,,,
,,backward,,,,,power_drills_plyometrics,,single_leg,,,,,,FALSE,,FALSE,,,,,,,,,,,,,,,,isometric,,,,,,,,,,,,,
,,lateral,,,,,power_drills_plyometrics,,single_leg,,,,,,FALSE,,FALSE,,,,,,,,,,,,,,,,isometric,,,,,,,,,,,,,