SubAction,,,,,,,literal direction that the joint is moving,,,,,,,,,,,,,,,,,,,,,,,,,,,,
sub_action_id,sub_action_name,description,muscle_action,movement_system_priority,movement_system,hip_joint_priority,hip_joint_action,knee_joint_priority,knee_joint_action,ankle_joint_priority,ankle_joint_action,trunk_joint_priority,trunk_joint_action,shoulder_scapula_joint_priority,shoulder_scapula_joint_action,elbow_joint_priority,elbow_joint_action,wrist_joint_priority,wrist_joint_action,,body_position,eligible_external_resistance,,contribute_to_power_production,apply_instability,apply_resistance,stance_lower_body,stance_upper_body,lateral_distribution_pattern,arm,torso,leg,multiplier,percent_bodyweight,lateral_distribution
Strength Component Actions ,,,,,,,,,,,,,,,,,,,,,,,,,,,,,,,,,,,
Supine Bodyweight Actions,,,,,,,,,,,,,,,,,,,,,,,,,,,,,,,,,,,
1100_a,crunch:positive,sit up isolating only the abs (no hip flexors),concentric,,,,,,,,,1,Trunk Flexion,,,,,,,,supine,,,TRUE,TRUE,TRUE,,double_arm,bilateral,2,1,,1,59.26,"50,50"
1100_b,crunch:negative,,eccentric,,,,,,,,,1,Trunk Extension,,,,,,,,supine,,,FALSE,TRUE,TRUE,,double_arm,bilateral,2,1,,1,59.26,"50,50"
1100.1_a,situp:positive,sit up using the hip flexors,concentric,,,1,hip flexion,,,,,2,Trunk Flexion,,,,,,,,supine,,,TRUE,TRUE,TRUE,double_leg,double_arm,bilateral,2,1,,1,59.26,"50,50"
1100.1_b,situp:negative,,eccentric,,,1,hip extension,,,,,2,Trunk Extension,,,,,,,,supine,,,FALSE,TRUE,TRUE,double_leg,double_arm,bilateral,2,1,,1,59.26,"50,50"
1100.1_c,situp:stance,,isometric,1,Core Stabilizers (Bracing),,,,,,,,,,,,,,,,supine,,,FALSE,TRUE,TRUE,double_leg,double_arm,bilateral,2,1,,1,59.26,"50,50"
1101_a,straight leg raise:positive,"supine on back, straight leg raise
Lay on your back, with straight legs, lift feet to above hips",concentric,,,1,hip flexion,,,,,,,,,,,,,,supine,,,TRUE,FALSE,FALSE,double_leg,,bilateral,,,2,1,40.74,"50,50"
1101_b,straight leg raise:negative,,eccentric,,,1,hip extension,,,,,,,,,,,,,,supine,,,FALSE,FALSE,FALSE,double_leg,,bilateral,,,2,1,40.74,"50,50"
1101_a,bent leg raise:positive,"supine on back, bent leg raise (knees to chest)
Lay on your back, from straight leg feet lifted about 6 inches from the floor, bend knees as bring knees to chest",concentric,,,1,hip flexion,,,,,,,,,,,,,,supine,,,TRUE,FALSE,FALSE,double_leg,,bilateral,,,1.26,1,25.6662,"50,50"
1101_b,bent leg raise:negative,,eccentric,,,1,hip extension,,,,,,,,,,,,,,supine,,,FALSE,FALSE,FALSE,double_leg,,bilateral,,,1.26,1,25.6662,"50,50"
1102_a,rotational situp:positive,using the hip flexors,concentric,,,1,hip flexion,,,,,2,Trunk Flexion with Rotation,,,,,,,,supine,,,TRUE,TRUE,TRUE,double_leg,double_arm,unilateral_alternating,2,1,,1,59.26,"100,100"
1102_b,rotational situp:negative,,eccentric,,,1,hip extension,,,,,2,Trunk Extension w/ Rotation,,,,,,,,supine,,,FALSE,TRUE,TRUE,double_leg,double_arm,unilateral_alternating,2,1,,1,59.26,"100,100"
1103_a,glute bridge: positive,,concentric,,,1,hip extension,,,,,,,,,,,,,,supine,,,TRUE,TRUE,TRUE,double_leg,,bilateral,0,1,0,1,49.83,"50,50"
1103_b,glute bridge: negative,,eccentric,,,1,hip flexion,,,,,,,,,,,,,,supine,,,FALSE,TRUE,TRUE,double_leg,,bilateral,0,1,0,1,49.83,"50,50"
1103_c,glute bridge: stance,,isometric,1,Intrinsic Stabilization Subsystem (ISS) (Drawing In),,,,,,,,,,,,,,,,supine,,,FALSE,TRUE,FALSE,double_leg,,bilateral,0,1,0,1,49.83,"50,50"
Prone Bodyweight Actions,,,,,,,,,,,,,,,,,,,,,,,,,,,,,,,,,,,
1201_a,mountain climber: knee to chest: leg,,concentric,,,3,hip flexion,3,knee flexion,,,,,,,,,,,,prone,,,TRUE,FALSE,FALSE,alternating_single_leg,,unilateral_alternating,,,1,1,20.37,"100,100"
1201_b,mountain climber: extend legs: leg,,concentric,,,2,hip extension,2,knee extension,2,ankle plantar flexion,,,,,,,,,,prone,,,TRUE,FALSE,TRUE,alternating_single_leg,,unilateral_alternating,,,1,1,20.37,"100,100"
1201_c,mountain climber: stabilizing,,isometric,1,Core Stabilizers (Bracing),,,,,,,2,Trunk Extension,1,Shoulder Flexion,,,,,,prone,,,FALSE,TRUE,TRUE,,double_arm,bilateral,2,1,2,1,100,"50,50"
1210_a,Walk feet back to plank,"Starting with hands on the floor, and feet outside of hands. Walk feet back to plank position
arms stabilize",isometric,,,,,,,,,2,Trunk Flexion,2,Shoulder Flexion,,,,,,prone,,,FALSE,TRUE,FALSE,,double_arm,bilateral,2,1,2,1,100,"50,50"
1210_b,,leg extension,concentric,,,1,hip extension,1,knee extension,,,,,,,,,,,,prone,,,TRUE,FALSE,FALSE,alternating_single_leg,,unilateral_alternating,2,1,2,1,100,"100,100"
1210.1_a,Plank to walk feet to outside of hands,"Starting in plank position, walk the feet forward, so hands on the floor and feet outside of hands.
arms stabilize",isometric,,,,,,,,,2,Trunk Extension,2,Shoulder Extension,,,,,,prone,,,FALSE,TRUE,FALSE,,double_arm,bilateral,2,1,2,1,100,"50,50"
1210.1_b,,feet to hands,concentric,,,1,hip flexion,1,knee flexion,,,,,,,,,,,,prone,,,TRUE,FALSE,FALSE,alternating_single_leg,,unilateral_alternating,2,1,2,1,100,"100,100"
,,,,,,,,,,,,,,,,,,,,,,,,,,,,,,,,,,,
,,,,,,,,,,,,,,,,,,,,,,,,,,,,,,,,,,,
,,,,,,,,,,,,,,,,,,,,,,,,,,,,,,,,,,,
1220_a,Leg Extension: positive,,concentric,,,1,hip extension,3,knee extension,,,,,,,,,,,,quadruped,,,TRUE,FALSE,TRUE,single_leg,,unilateral,,,1,1,20.37,"100,0"
1220_b,Leg Extension: negative,,eccentric,,,1,hip flexion,3,knee flexion,,,,,,,,,,,,quadruped,,,TRUE,FALSE,TRUE,single_leg,,unilateral,,,1,1,20.37,"100,0"
1220.1_a,Leg Side Raise: positive,combined extension and abduction to raise leg at a 45degree angle back and away from the mid line,concentric,,,1,hip extension,3,knee extension,,,,,,,,,,,,side_lying,,,TRUE,FALSE,TRUE,single_leg,,unilateral,,,1,1,20.37,"100,0"
1220.1_a,,,concentric,,,1,hip abduction,3,knee extension,,,,,,,,,,,,side_lying,,,TRUE,FALSE,TRUE,single_leg,,unilateral,,,1,1,20.37,"100,0"
1220.1_b,Leg Side Raise: negative,,eccentric,,,1,hip flexion,3,knee flexion,,,,,,,,,,,,side_lying,,,TRUE,FALSE,TRUE,single_leg,,unilateral,,,1,1,20.37,"100,0"
1220.1_b,,,eccentric,,,1,hip adduction,3,knee flexion,,,,,,,,,,,,side_lying,,,TRUE,FALSE,TRUE,single_leg,,unilateral,,,1,1,20.37,"100,0"
1220.2_a,Leg Flexion: positive,,concentric,,,1,hip flexion,3,knee flexion,,,,,,,,,,,,quadruped,,,TRUE,FALSE,TRUE,single_leg,,unilateral,,,1,1,20.37,"100,0"
1220.2_b,Leg Flexion: negative,,eccentric,,,1,hip extension,3,knee extension,,,,,,,,,,,,quadruped,,,TRUE,FALSE,TRUE,single_leg,,unilateral,,,1,1,20.37,"100,0"
1221_a,overhead reach:positive,,concentric,,,,,,,,,,,1,Shoulder Flexion,,,,,,quadruped,,,TRUE,FALSE,TRUE,,single_arm,unilateral,1,,,1,4.715,"100,0"
1221_b,overhead reach:negative,,eccentric,,,,,,,,,,,1,Shoulder Extension,,,,,,quadruped,,,TRUE,FALSE,TRUE,,single_arm,unilateral,1,,,1,4.715,"100,0"
1221.1_a,crawl forward:positive,"using a single arm and contralateral leg, crawl forward (i.e. bear crawl)",,,,1,hip extension,,,,,,,1,Shoulder Extension,,,,,,quadruped,,,TRUE,TRUE,TRUE,contralateral_single_leg,single_arm,unilateral_alternating,2,1,2,1,100,"100,100"
1221.1_a,crawl backward:positive,"using a single arm and contralateral leg, crawl backward (i.e. bear crawl)",,,,1,hip flexion,,,,,,,1,Shoulder Flexion,,,,,,quadruped,,,TRUE,TRUE,TRUE,contralateral_single_leg,single_arm,unilateral_alternating,2,1,2,1,100,"100,100"
1230_a,Prone T:positive,,concentric,,,,,,,,,,,1,Shoulder Horizontal Abduction (Horizontal Extension),,,,,,prone,,,TRUE,TRUE,TRUE,,double_arm,bilateral,2,0,0,1,9.43,"50,50"
1230_b,Prone T:negative,,eccentric,,,,,,,,,,,1,Shoulder Horizontal Adduction (Horizontal Flexion),,,,,,prone,,,TRUE,TRUE,TRUE,,double_arm,bilateral,2,0,0,1,9.43,"50,50"
,,,,,,,,,,,,,,,,,,,,,,,,,,,,,,,,,,,
,,,,,,,,,,,,,,,,,,,,,,,,,,,,,,,,,,,
,,,,,,,,,,,,,,,,,,,,,,,,,,,,,,,,,,,
Integrated Resistance Actions,,,,,,,,,,,,,,,,,,,,,,,,,,,,,,,,,,,
Upper Body Target,,,,,,,,,,,,,,,,,,,,,,,,,,,,,,,,,,,
2400_a,Bench Press:positive,Bench Press,concentric,,,,,,,,,,,1,Shoulder Horizontal Adduction (Horizontal Flexion),1,elbow extension,,,,supine,dumbbells,,TRUE,FALSE,TRUE,,double_arm,bilateral,2,0,0,1,9.43,"50,50"
2400_b,Bench Press:negative,,eccentric,,,,,,,,,,,1,Shoulder Horizontal Abduction (Horizontal Extension),1,elbow flexion,,,,supine,dumbbells,,FALSE,FALSE,TRUE,,double_arm,bilateral,2,0,0,1,9.43,"50,50"
2400.1_a,Wide Grip Bench Press:positive,Wide Grip Bench Press,concentric,,,,,,,,,,,1,Shoulder Horizontal Adduction (Horizontal Flexion),2,elbow extension,,,,supine,dumbbells,,TRUE,FALSE,TRUE,,double_arm,bilateral,2,0,0,1,9.43,"50,50"
2400.1_b,Wide Grip Bench Press:negative,,eccentric,,,,,,,,,,,1,Shoulder Horizontal Abduction (Horizontal Extension),2,elbow flexion,,,,supine,dumbbells,,FALSE,FALSE,TRUE,,double_arm,bilateral,2,0,0,1,9.43,"50,50"
2400.2_a,Narrow Grip Bench Press:positive,Narrow Grip Bench Press,concentric,,,,,,,,,,,2,Shoulder Horizontal Adduction (Horizontal Flexion),1,elbow extension,,,,supine,dumbbells,,TRUE,FALSE,TRUE,,double_arm,bilateral,2,0,0,1,9.43,"50,50"
2400.2_b,Narrow Grip Bench Press:negative,,eccentric,,,,,,,,,,,2,Shoulder Horizontal Abduction (Horizontal Extension),1,elbow flexion,,,,supine,dumbbells,,FALSE,FALSE,TRUE,,double_arm,bilateral,2,0,0,1,9.43,"50,50"
2400.3_a,push up: positive,push away from chest,concentric,,,,,,,,,,,1,Shoulder Horizontal Adduction (Horizontal Flexion),2,elbow extension,,,,prone,,,TRUE,TRUE,TRUE,,double_arm,bilateral,2,1,2,1,100,"50,50"
2400.3_a,,,concentric,,,,,,,,,,,1,Shoulder Flexion,,,,,,prone,,,TRUE,TRUE,TRUE,,double_arm,bilateral,2,1,2,1,100,"50,50"
2400.3_b,push up: negative,lower down,eccentric,,,,,,,,,,,1,Shoulder Horizontal Abduction (Horizontal Extension),2,elbow flexion,,,,prone,,,FALSE,TRUE,TRUE,,double_arm,bilateral,2,1,2,1,100,"50,50"
2400.3_b,,,eccentric,,,,,,,,,,,1,Shoulder Extension,,,,,,prone,,,FALSE,TRUE,TRUE,,double_arm,bilateral,2,1,2,1,100,"50,50"
2400.3_c,push up: hold,"holding position, push away from chest",isometric,,,,,,,,,,,1,Shoulder Horizontal Adduction (Horizontal Flexion),2,elbow extension,,,,prone,,,TRUE,TRUE,TRUE,,double_arm,bilateral,2,1,2,1,100,"50,50"
2400.3_c,,,isometric,,,,,,,,,,,1,Shoulder Flexion,,,,,,prone,,,TRUE,TRUE,TRUE,,double_arm,bilateral,2,1,2,1,100,"50,50"
2401_a,Incline Bench Press:positive,,concentric,,,,,,,,,,,1,Shoulder Horizontal Adduction (Horizontal Flexion),1,elbow extension,,,,supine,barbells,,TRUE,FALSE,TRUE,,double_arm,bilateral,2,0,0,1,9.43,"50,50"
2401_b,Incline Bench Press:positive,,concentric,,,,,,,,,,,2,Shoulder Flexion,,,,,,supine,barbells,,TRUE,FALSE,TRUE,,double_arm,bilateral,2,0,0,1,9.43,"50,50"
2401_c,Incline Bench Press:negative,,eccentric,,,,,,,,,,,1,Shoulder Horizontal Abduction (Horizontal Extension),1,elbow flexion,,,,supine,barbells,,FALSE,FALSE,TRUE,,double_arm,bilateral,2,0,0,1,9.43,"50,50"
2401_d,Incline Bench Press:negative,,eccentric,,,,,,,,,,,2,Shoulder Extension,,,,,,supine,barbells,,FALSE,FALSE,TRUE,,double_arm,bilateral,2,0,0,1,9.43,"50,50"
2401.1,Handstand: hold,,isometric,2,Intrinsic Stabilization Subsystem (ISS) (Drawing In),3,hip extension,3,knee extension,,,3,Trunk Extension,2,Shoulder External Rotation,1,elbow extension,2,Wrist Extension,,prone,no_equipment,,FALSE,TRUE,TRUE,double_leg,double_arm,bilateral,2,1,2,1,100,"50,50"
2401.1,,,isometric,2,Core Stabilizers (Bracing),,,,,,,,,1,Shoulder Abduction,,,,,,prone,no_equipment,,FALSE,TRUE,TRUE,double_leg,double_arm,bilateral,2,1,2,1,100,"50,50"
2401.1,,,isometric,,,,,,,,,,,1,Shoulder Flexion,,,,,,prone,no_equipment,,FALSE,TRUE,TRUE,double_leg,double_arm,bilateral,2,1,2,1,100,"50,50"
2401.1,,,isometric,,,,,,,,,,,1,Scapular Elevation,,,,,,prone,no_equipment,,FALSE,TRUE,TRUE,double_leg,double_arm,bilateral,2,1,2,1,100,"50,50"
2402_a,Bent Over Row:positive,,concentric,,,,,,,,,,,1,Shoulder Extension,0,elbow flexion,,,,upright_torso,dumbbells,,TRUE,FALSE,TRUE,,double_arm,bilateral,2,0,0,1,9.43,"50,50"
2402_b,Bent Over Row:negative,,eccentric,,,,,,,,,,,1,Shoulder Flexion,0,elbow extension,,,,upright_torso,dumbbells,,FALSE,FALSE,TRUE,,double_arm,bilateral,2,0,0,1,9.43,"50,50"
2403_a,Dips:positive,,concentric,,,,,,,,,,,1,Shoulder Horizontal Adduction (Horizontal Flexion),2,elbow extension,,,,hanging,plate,,TRUE,TRUE,TRUE,,double_arm,bilateral,2,1,2,1,100,"50,50"
2403_a,Dips:positive,,concentric,,,,,,,,,,,2,Shoulder Flexion,,,,,,hanging,plate,,TRUE,TRUE,TRUE,,double_arm,bilateral,2,1,2,1,100,"50,50"
2403_a,Dips:positive,,concentric,,,,,,,,,,,2,Scapular Depression,,,,,,hanging,plate,,TRUE,TRUE,TRUE,,double_arm,bilateral,2,1,2,1,100,"50,50"
2403_b,Dips:negative,,eccentric,,,,,,,,,,,1,Shoulder Horizontal Abduction (Horizontal Extension),2,elbow flexion,,,,hanging,plate,,FALSE,TRUE,TRUE,,double_arm,bilateral,2,1,2,1,100,"50,50"
2403_b,Dips:negative,,eccentric,,,,,,,,,,,2,Shoulder Extension,,,,,,hanging,plate,,FALSE,TRUE,TRUE,,double_arm,bilateral,2,1,2,1,100,"50,50"
2403_b,Dips:negative,,eccentric,,,,,,,,,,,2,Scapular Elevation,,,,,,hanging,plate,,FALSE,TRUE,TRUE,,double_arm,bilateral,2,1,2,1,100,"50,50"
2403_g,Dips:stance,,isometric,1,posterior pelvic tilt,,,,,,,,,,,,,,,,hanging,plate,,FALSE,TRUE,TRUE,double_leg,,bilateral,2,1,2,1,100,"50,50"
2403.1_a,Bench Tricep Extension:positive,Lying on back on bench,concentric,,,,,,,,,,,,,1,elbow extension,,,,supine,dumbbells,,TRUE,FALSE,TRUE,,double_arm,bilateral,2,,,1,9.43,"50,50"
2403.1_b,Bench Tricep Extension:negative,,eccentric,,,,,,,,,,,,,1,elbow flexion,,,,supine,dumbbells,,FALSE,FALSE,TRUE,,double_arm,bilateral,2,,,1,9.43,"50,50"
2403.1_c,Bench Tricep Extension:stance,,isometric,,,,,,,,,,,2,Shoulder Extension,,,2,wrist flexion,,supine,dumbbells,,FALSE,FALSE,TRUE,,double_arm,bilateral,2,,,1,9.43,"50,50"
2403.2_a,Tricep Extension:positive,standing with weight overhead,concentric,,,,,,,,,,,,,1,elbow extension,,,,upright_torso,dumbbells,,TRUE,FALSE,TRUE,,double_arm,bilateral,2,,,1,9.43,"50,50"
2403.2_b,Tricep Extension:negative,,eccentric,,,,,,,,,,,,,1,elbow flexion,,,,upright_torso,dumbbells,,FALSE,FALSE,TRUE,,double_arm,bilateral,2,,,1,9.43,"50,50"
2403.2_c,Tricep Extension:stance,,isometric,,,,,,,,,,,3,Shoulder Flexion,,,2,wrist flexion,,upright_torso,dumbbells,,FALSE,FALSE,TRUE,,double_arm,bilateral,2,,,1,9.43,"50,50"
2403.3_a,Suspension Tricep Extension:positive,,concentric,,,,,,,,,,,,,1,elbow extension,,,,supine,TRX,,TRUE,FALSE,TRUE,,double_arm,bilateral,2,1,2,1.2,120,"50,50"
2403.3_b,Suspension Tricep Extension:negative,,eccentric,,,,,,,,,,,,,1,elbow flexion,,,,supine,TRX,,FALSE,FALSE,TRUE,,double_arm,bilateral,2,1,2,1.2,120,"50,50"
2403.3_c,Suspension Tricep Extension:stance,,isometric,,,,,,,,,,,2,Shoulder Extension,,,2,wrist flexion,,supine,TRX,,FALSE,FALSE,TRUE,,double_arm,bilateral,2,1,2,1.2,120,"50,50"
2404_a,Bicep Curl:positive,,concentric,,,,,,,,,,,,,1,elbow flexion,,,,upright_torso,single_dumbbell,,TRUE,FALSE,TRUE,,single_arm,unilateral,1,,,1,4.715,"100,0"
2404_b,Bicep Curl:negative,,eccentric,,,,,,,,,,,,,1,elbow extension,,,,upright_torso,single_dumbbell,,FALSE,FALSE,TRUE,,single_arm,unilateral,1,,,1,4.715,"100,0"
2404_c,Bicep Curl:stance,,isometric,,,,,,,,,,,2,Shoulder Flexion,,,2,Wrist Flexion,,upright_torso,single_dumbbell,,FALSE,FALSE,TRUE,,single_arm,unilateral,1,,,1,4.715,"100,0"
2404.1_a,Hammer Bicep Curl:positive,,concentric,,,,,,,,,,,,,1,elbow flexion,,,,upright_torso,dumbbells,,TRUE,FALSE,TRUE,,double_arm,bilateral,2,,,1,9.43,"50,50"
2404.1_b,Hammer Bicep Curl:negative,,eccentric,,,,,,,,,,,,,1,elbow extension,,,,upright_torso,dumbbells,,FALSE,FALSE,TRUE,,double_arm,bilateral,2,,,1,9.43,"50,50"
2404.1_c,Hammer Bicep Curl:stance,,isometric,,,,,,,,,,,2,Shoulder Flexion,,,,,,upright_torso,dumbbells,,FALSE,FALSE,TRUE,,double_arm,bilateral,2,,,1,9.43,"50,50"
2404.2_a,Reverse Bicep Curl:positive,,concentric,,,,,,,,,,,,,1,elbow flexion,,,,upright_torso,single_dumbbell,,TRUE,FALSE,TRUE,,single_arm,unilateral,1,,,1,4.715,"100,0"
2404.2_b,Reverse Bicep Curl:negative,,eccentric,,,,,,,,,,,,,1,elbow extension,,,,upright_torso,single_dumbbell,,FALSE,FALSE,TRUE,,single_arm,unilateral,1,,,1,4.715,"100,0"
2404.2_c,Reverse Bicep Curl:stance,,isometric,,,,,,,,,,,2,Shoulder Flexion,,,2,Wrist Extension,,upright_torso,single_dumbbell,,FALSE,FALSE,TRUE,,single_arm,unilateral,1,,,1,4.715,"100,0"
2405_a,Lateral Raise:Positive,,concentric,,,,,,,,,,,1,Shoulder Abduction,,,3,wrist extension,,upright_torso,dumbbells,,TRUE,FALSE,TRUE,,double_arm,bilateral,2,,,1,9.43,"50,50"
2405_b,Lateral Raise:Negative,,eccentric,,,,,,,,,,,1,Shoulder Adduction,,,3,wrist extension,,upright_torso,dumbbells,,FALSE,FALSE,TRUE,,double_arm,bilateral,2,,,1,9.43,"50,50"
2405.1_a,Lateral Raise Neutral Grip:Positive,,concentric,,,,,,,,,,,1,Shoulder Abduction,,,,,,upright_torso,dumbbells,,TRUE,FALSE,TRUE,,double_arm,bilateral,2,,,1,9.43,"50,50"
2405.1_b,Lateral Raise Neutral Grip:Negative,,eccentric,,,,,,,,,,,1,Shoulder Adduction,,,,,,upright_torso,dumbbells,,FALSE,FALSE,TRUE,,double_arm,bilateral,2,,,1,9.43,"50,50"
2405.1_c,Lateral Raise Neutral Grip:stance,,isometric,,,,,,,,,,,2,Shoulder External Rotation,,,4,wrist extension,,upright_torso,dumbbells,,FALSE,FALSE,TRUE,,double_arm,bilateral,2,,,1,9.43,"50,50"
2406_a,Front Raise:Positive,,concentric,,,,,,,,,,,1,Shoulder Flexion,,,3,wrist extension,,upright_torso,dumbbells,,TRUE,FALSE,TRUE,,double_arm,bilateral,2,,,1,9.43,"50,50"
2406_b,Front Raise:Negative,,eccentric,,,,,,,,,,,1,Shoulder Extension,,,3,wrist extension,,upright_torso,dumbbells,,FALSE,FALSE,TRUE,,double_arm,bilateral,2,,,1,9.43,"50,50"
2406_c,Front Raise:isometric hold,,isometric,,,,,,,,,,,1,Shoulder Flexion,,,3,wrist extension,,upright_torso,dumbbells,,FALSE,FALSE,TRUE,,double_arm,bilateral,2,,,1,9.43,"50,50"
2406.1_a,Front Raise Neutral Grip:Positive,palms facing together (midline),concentric,,,,,,,,,,,1,Shoulder Flexion,,,,,,upright_torso,dumbbells,,TRUE,FALSE,TRUE,,double_arm,bilateral,2,,,1,9.43,"50,50"
2406.1_b,Front Raise Neutral Grip:Negative,,eccentric,,,,,,,,,,,1,Shoulder Extension,,,,,,upright_torso,dumbbells,,FALSE,FALSE,TRUE,,double_arm,bilateral,2,,,1,9.43,"50,50"
2406.1_c,Front Raise Neutral Grip:stance,,isometric,,,,,,,,,,,2,Shoulder External Rotation,,,4,wrist extension,,upright_torso,dumbbells,,FALSE,FALSE,TRUE,,double_arm,bilateral,2,,,1,9.43,"50,50"
2406.1_d,Front Raise Neutral Grip:isometric hold,palms facing together (midline),isometric,,,,,,,,,,,1,Shoulder Flexion,,,,,,upright_torso,dumbbells,,TRUE,FALSE,TRUE,,double_arm,bilateral,2,,,1,9.43,"50,50"
2406.1_d,,,isometric,,,,,,,,,,,2,Shoulder External Rotation,,,4,wrist extension,,upright_torso,dumbbells,,FALSE,FALSE,TRUE,,double_arm,bilateral,2,,,1,9.43,"50,50"
2406.2_a,Mini-band Front Raise Neutral Grip:Positive,"arms extended in front of you with mini band around the wrists and palms facing together. Apply pressure outwards against reistance, while raising and lowering arms from hip to shoulder height",concentric,,,,,,,,,,,3,Shoulder Flexion,,,,,,upright_torso,mini_bands,,FALSE,FALSE,FALSE,,double_arm,bilateral,2,,,1,9.43,"50,50"
2406.2_b,Mini-band Front Raise Neutral Grip:Negative,,eccentric,,,,,,,,,,,3,Shoulder Extension,,,,,,upright_torso,mini_bands,,FALSE,FALSE,FALSE,,double_arm,bilateral,2,,,1,9.43,"50,50"
2406.2_c,Mini-band Front Raise Neutral Grip: stance,,isometric,,,,,,,,,,,1,Shoulder Abduction,,,,,,upright_torso,mini_bands,,TRUE,FALSE,TRUE,,double_arm,bilateral,2,,,1,9.43,"50,50"
2406.2_a,Mini-band Bent Elbow Front Raise: Positive,"Front Raise, Elbows Bent, Palms Toward Face, Band around Wrists
like a double arm upper cut, mini band around wrists applying pressure outward. Raise and lower upper cut",concentric,,,,,,,,,,,3,Shoulder Flexion,,,,,,upright_torso,mini_bands,,FALSE,FALSE,FALSE,,double_arm,bilateral,2,,,1,9.43,"50,50"
2406.2_b,Mini-band Bent Elbow Front Raise: Negative,,eccentric,,,,,,,,,,,3,Shoulder Extension,,,,,,upright_torso,mini_bands,,FALSE,FALSE,FALSE,,double_arm,bilateral,2,,,1,9.43,"50,50"
2406.2_c,Mini-band Bent Elbow Front Raise: stance,,isometric,,,,,,,,,,,1,Shoulder External Rotation,,,,,,upright_torso,mini_bands,,TRUE,FALSE,TRUE,,double_arm,bilateral,2,,,1,9.43,"50,50"
2407_a,Supine Front Raise:Positive,"lieing supine with arms overhead, raise straight arms (shoulder extension) to chest ",concentric,,,,,,,,,,,1,Shoulder Extension,,,3,wrist flexion,,supine,dumbbells,,TRUE,FALSE,TRUE,,double_arm,bilateral,2,,,1,9.43,"50,50"
2407_b,Supine Front Raise:Negative,,eccentric,,,,,,,,,,,1,Shoulder Flexion,,,3,wrist flexion,,supine,dumbbells,,FALSE,FALSE,TRUE,,double_arm,bilateral,2,,,1,9.43,"50,50"
2408_a,Horizontal Abduction:positive,i.e. reverse fly,concentric,,,,,,,,,,,1,Shoulder Horizontal Abduction (Horizontal Extension),,,,,,prone,dumbbells,,TRUE,FALSE,TRUE,,double_arm,bilateral,1,,,1,4.715,"50,50"
2408_b,Horizontal Abduction:negative,,eccentric,,,,,,,,,,,1,Shoulder Horizontal Adduction (Horizontal Flexion),,,,,,prone,dumbbells,,FALSE,FALSE,TRUE,,double_arm,bilateral,1,,,1,4.715,"50,50"
2408_c,Horizontal Abduction: anchor,using mini bands with contralateral arm as anchor,isometric,,,,,,,,,,,2,Shoulder Horizontal Abduction (Horizontal Extension),,,,,,quadruped,mini_bands,,FALSE,TRUE,TRUE,,contralateral_single_arm,unilateral,1,,,1,4.715,"100,0"
2408_a,Horizontal Adduction:positive,i.e. fly,concentric,,,,,,,,,,,1,Shoulder Horizontal Adduction (Horizontal Flexion),,,,,,supine,dumbbells,,TRUE,FALSE,TRUE,,double_arm,bilateral,1,,,1,4.715,"50,50"
2408_b,Horizontal Adduction:negative,,eccentric,,,,,,,,,,,1,Shoulder Horizontal Abduction (Horizontal Extension),,,,,,supine,dumbbells,,FALSE,FALSE,TRUE,,double_arm,bilateral,1,,,1,4.715,"50,50"
2409_a,External Rotation:Positive,,concentric,,,,,,,,,,,1,Shoulder External Rotation,,,,,,upright_torso,dumbbells,,TRUE,FALSE,TRUE,,double_arm,bilateral,2,,,1,9.43,"50,50"
2409_a,,,concentric,,,,,,,,,,,2,Shoulder Horizontal Abduction (Horizontal Extension),,,,,,upright_torso,dumbbells,,TRUE,FALSE,TRUE,,double_arm,bilateral,2,,,1,9.43,"50,50"
2409_b,External Rotation:Negative,,eccentric,,,,,,,,,,,1,Shoulder Internal Rotation,,,,,,upright_torso,dumbbells,,TRUE,FALSE,TRUE,,double_arm,bilateral,2,,,1,9.43,"50,50"
2409_b,,,eccentric,,,,,,,,,,,2,Shoulder Horizontal Adduction (Horizontal Flexion),,,,,,upright_torso,dumbbells,,TRUE,FALSE,TRUE,,double_arm,bilateral,2,,,1,9.43,"50,50"
2410_a,Pull Up: Positive,,concentric,,,,,,,,,,,1,Shoulder Extension,,,,,,hanging,dip_belt,,TRUE,TRUE,TRUE,,double_arm,bilateral,2,1,2,1,100,"50,50"
2410_a,,,concentric,,,,,,,,,,,1,Shoulder Adduction,,,,,,hanging,dip_belt,,TRUE,TRUE,TRUE,,double_arm,bilateral,2,1,2,1,100,"50,50"
2410_b,Pull Up: Negative,,eccentric,,,,,,,,,,,1,Shoulder Flexion,,,,,,hanging,dip_belt,,FALSE,TRUE,TRUE,,double_arm,bilateral,2,1,2,1,100,"50,50"
2410_b,,,eccentric,,,,,,,,,,,1,Shoulder Abduction,,,,,,hanging,dip_belt,,FALSE,TRUE,TRUE,,double_arm,bilateral,2,1,2,1,100,"50,50"
2411_a,Overhead Press: Positive,,,,,,,,,,,,,1,Shoulder Abduction,2,elbow extension,,,,upright_torso,dumbbells,,TRUE,FALSE,TRUE,,double_arm,bilateral,2,0,0,1,9.43,"50,50"
2411_b,Overhead Press: Negative,,,,,,,,,,,,,1,Shoulder Adduction,2,elbow flexion,,,,upright_torso,dumbbells,,FALSE,FALSE,TRUE,,double_arm,bilateral,2,0,0,1,9.43,"50,50"
,,,,,,,,,,,,,,,,,,,,,,,,,,,,,,,,,,,
2450_a,punch:out,,concentric,,,,,,,,,,,1,Shoulder Flexion,1,elbow extension,,,,upright_torso,no_equipment,,TRUE,FALSE,TRUE,,alternating_arms,unilateral_alternating,1,,,1,4.715,"100,100"
2450_a,,,concentric,,,,,,,,,,,2,Shoulder Internal Rotation,,,,,,upright_torso,no_equipment,,TRUE,FALSE,TRUE,,alternating_arms,unilateral_alternating,1,,,1,4.715,"100,100"
2450_b,punch:recoil,,concentric,,,,,,,,,,,1,Shoulder Extension,1,elbow flexion,,,,upright_torso,no_equipment,,FALSE,FALSE,TRUE,,alternating_arms,unilateral_alternating,1,,,1,4.715,"100,100"
2450_b,,,concentric,,,,,,,,,,,2,Shoulder External Rotation,,,,,,upright_torso,no_equipment,,FALSE,FALSE,TRUE,,alternating_arms,unilateral_alternating,1,,,1,4.715,"100,100"
2412_a,Halo: Leading Arm Raising Overhead,,concentric,,,,,,,,,,,1,Shoulder Adduction,,,,,,upright_torso,single_dumbbell,,TRUE,FALSE,TRUE,,single_arm,bilateral,2,,,1,9.43,"50,50"
2412_a,,,concentric,,,,,,,,,,,1,Shoulder Flexion,,,,,,upright_torso,single_dumbbell,,TRUE,FALSE,TRUE,,single_arm,bilateral,2,,,1,9.43,"50,50"
2412_b,Halo: Following Arm Raising Overhead,,concentric,,,,,,,,,,,1,Shoulder Abduction,,,,,,upright_torso,single_dumbbell,,TRUE,FALSE,TRUE,,contralateral_single_arm,bilateral,2,,,1,9.43,"50,50"
2412_b,,,concentric,,,,,,,,,,,1,Shoulder Flexion,,,,,,upright_torso,single_dumbbell,,TRUE,FALSE,TRUE,,contralateral_single_arm,bilateral,2,,,1,9.43,"50,50"
2412_c,Halo: Leading Arm Lowering Down,,eccentric,,,,,,,,,,,1,Shoulder Adduction,,,,,,upright_torso,single_dumbbell,,TRUE,FALSE,TRUE,,single_arm,bilateral,2,,,1,9.43,"50,50"
2412_c,,,eccentric,,,,,,,,,,,1,Shoulder Extension,,,,,,upright_torso,single_dumbbell,,TRUE,FALSE,TRUE,,single_arm,bilateral,2,,,1,9.43,"50,50"
2412_d,Halo: Following Arm Lowering Down,,eccentric,,,,,,,,,,,1,Shoulder Abduction,,,,,,upright_torso,single_dumbbell,,TRUE,FALSE,TRUE,,contralateral_single_arm,bilateral,2,,,1,9.43,"50,50"
2412_d,,,eccentric,,,,,,,,,,,1,Shoulder Extension,,,,,,upright_torso,single_dumbbell,,TRUE,FALSE,TRUE,,contralateral_single_arm,bilateral,2,,,1,9.43,"50,50"
Lower Body Target,,,,,,,,,,,,,,,,,,,,,,,,,,,,,,,,,,,
2000_a,Squat:positive,,concentric,,,1,hip flexion,2,knee flexion,3,ankle plantar flexion,,,,,,,,,,double_leg_standing,,,TRUE,TRUE,TRUE,double_leg,,bilateral,2,1,2,1,100,"50,50"
2000_b,Squat:negative,,eccentric,,,1,hip extension,2,knee extension,3,ankle dorsiflexion,,,,,,,,,,double_leg_standing,,,FALSE,TRUE,TRUE,double_leg,,bilateral,2,1,2,1,100,"50,50"
2000.1_c,Sumo Squat:positive,,concentric,,,1,hip adduction,,,3,eversion of the foot,,,,,,,,,,double_leg_standing,,,TRUE,TRUE,TRUE,double_leg,,bilateral,2,1,2,1,100,"50,50"
2000.1_d,Sumo Squat:negative,,eccentric,,,1,hip abduction,,,3,inversion of the foot,,,,,,,,,,double_leg_standing,,,FALSE,TRUE,TRUE,double_leg,,bilateral,2,1,2,1,100,"50,50"
2001_a,Lunge:positive,,concentric,,,1,hip flexion,1,knee flexion,3,ankle plantar flexion,,,,,,,,,,split_leg_standing,,,TRUE,TRUE,TRUE,double_leg,,bilateral_uneven,2,1,2,1,100,"75, 25"
2001_b,Lunge:negative,,eccentric,,,1,hip extension,1,knee extension,3,ankle dorsiflexion,,,,,,,,,,split_leg_standing,,,FALSE,TRUE,TRUE,double_leg,,bilateral_uneven,2,1,2,1,100,"75, 25"
2001.1_a,Lateral Lunge:positive,,concentric,,,1,hip flexion,1,knee flexion,3,ankle plantar flexion,,,,,,,,,,split_leg_standing,,,TRUE,TRUE,TRUE,double_leg,,unilateral_alternating,2,1,2,1,100,"100,100"
2001.1_a,,,concentric,,,2,hip abduction,,,,,,,,,,,,,,,,,TRUE,TRUE,TRUE,double_leg,,unilateral_alternating,2,1,2,1,100,"100,100"
2001.1_b,Lateral Lunge:negative,,eccentric,,,1,hip extension,1,knee extension,3,ankle dorsiflexion,,,,,,,,,,split_leg_standing,,,FALSE,TRUE,TRUE,double_leg,,unilateral_alternating,2,1,2,1,100,"100,100"
2001.1_b,,,,,,2,hip adduction,,,,,,,,,,,,,,,,,FALSE,TRUE,TRUE,double_leg,,unilateral_alternating,2,1,2,1,100,"100,100"
2001.1_c,"Lateral Lunge, straight leg pull:positive","contralateral leg (straight leg) to pull  the body 
this is different than a traditional lateral lunge where the straight leg is for balance only",concentric,,,2,hip adduction,,,,,,,,,,,,,,split_leg_standing,,,TRUE,TRUE,TRUE,double_leg,,unilateral_alternating,2,1,2,1,100,"60, 40"
2001.1_d,"Lateral Lunge, straight leg pull:negative",,eccentric,,,2,hip abduction,,,,,,,,,,,,,,split_leg_standing,,,FALSE,TRUE,TRUE,double_leg,,unilateral_alternating,2,1,2,1,100,"60, 40"
2002_a,Calf Raise:positive,,concentric,,,,,,,1,ankle plantar flexion,,,,,,,,,,double_leg_standing,,,TRUE,TRUE,TRUE,double_leg,,bilateral,2,1,2,1,100,"50,50"
2002_b,Calf Raise:negative,,eccentric,,,,,,,1,ankle dorsiflexion,,,,,,,,,,double_leg_standing,,,FALSE,TRUE,TRUE,double_leg,,bilateral,2,1,2,1,100,"50,50"
2002.1_a,Everted Calf Raise:positive,,concentric,,,,,,,1,Ankle Plantar Flexion and Eversion,,,,,,,,,,double_leg_standing,,,TRUE,TRUE,TRUE,double_leg,,bilateral,2,1,2,1,100,"50,50"
2002.1_b,Everted Calf Raise:negative,,eccentric,,,,,,,1,Ankle Dorsi Flexion and Inversion,,,,,,,,,,double_leg_standing,,,FALSE,TRUE,TRUE,double_leg,,bilateral,2,1,2,1,100,"50,50"
2002.2_a,Inverted Calf Raise:positive,,concentric,,,,,,,1,Ankle Plantar Flexion and Inversion,,,,,,,,,,double_leg_standing,,,TRUE,TRUE,TRUE,double_leg,,bilateral,2,1,2,1,100,"50,50"
2002.2_b,Inverted Calf Raise:negative,,eccentric,,,,,,,1,Ankle Dorsi Flexion and Eversion,,,,,,,,,,double_leg_standing,,,FALSE,TRUE,TRUE,double_leg,,bilateral,2,1,2,1,100,"50,50"
2003_a,Bodyweight Deadlift:positive,,concentric,,,1,hip extension,3,knee extension,,,,,,,,,,,,single_leg_standing,,,TRUE,TRUE,TRUE,single_leg,,unilateral,2,1,1,1,79.63,"100,0"
2003_b,Bodyweight Deadlift:negative,,eccentric,,,1,hip flexion,,,,,,,,,,,,,,single_leg_standing,,,FALSE,TRUE,TRUE,single_leg,,unilateral,2,1,1,1,79.63,"100,0"
2003_c,Bodyweight Deadlift:stance,,isometric,2,Core Stabilizers (Bracing),,,2,knee extension,3,ankle plantar flexion,,,,,,,,,,single_leg_standing,,,FALSE,TRUE,FALSE,single_leg,,unilateral,2,1,1,1,79.63,"100,0"
Compound Action Elements,,,,,,,,,,,,,,,,,,,,,,,,,,,,,,,,,,,
2900_a,"Explosive High Pull, Lower Body: Positive",,concentric,,,1,hip extension,1,knee extension,,,,,,,,,,,,double_leg_standing,barbells,,TRUE,TRUE,TRUE,double_leg,,bilateral,2,1,2,1,100,"50,50"
2900_b,"Explosive High Pull, Upper Body: Positive",,concentric,,,,,,,,,,,1,Scapular Elevation,3,elbow flexion,,,,double_leg_standing,barbells,,TRUE,TRUE,TRUE,,double_arm,bilateral,2,0,0,1,9.43,"50,50"
2900.1_b,"Explosive High Pull, Single Arm Upper Body: Positive",,concentric,2,Anterior Oblique Subsystem (AOS),,,,,,,,,1,Scapular Elevation,3,elbow flexion,,,,double_leg_standing,single_dumbbell,,TRUE,TRUE,TRUE,,single_arm,unilateral,2,0,0,1,9.43,"100,0"
2900.2_a,"High Pull, Single Arm: Positive",,concentric,2,Anterior Oblique Subsystem (AOS),,,,,,,,,1,Scapular Elevation,2,elbow flexion,,,,double_leg_standing,single_dumbbell,,TRUE,TRUE,TRUE,,single_arm,unilateral,2,0,0,1,9.43,"100,0"
2900.2_b,"High Pull, Single Arm: Negative",,concentric,2,Anterior Oblique Subsystem (AOS),,,,,,,,,,,1,elbow extension,,,,double_leg_standing,single_dumbbell,,TRUE,TRUE,TRUE,,single_arm,unilateral,2,0,0,1,9.43,"100,0"
2901_a,Deadlift: positive:bar from floor to knee,"hip width stance, wide grip hands, hips and wrist rise at the same rate,",concentric,,,3,hip extension,1,knee extension,4,ankle plantar flexion,,,,,,,,,,double_leg_standing,barbells,,TRUE,TRUE,TRUE,double_leg,double_arm,bilateral,2,1,2,1,100,"50,50"
2901_b,Deadlift: positive:bar from knee to hip,,concentric,,,1,hip extension,,,,,,,,,,,,,,double_leg_standing,barbells,,TRUE,TRUE,TRUE,double_leg,double_arm,bilateral,2,1,2,1,100,"50,50"
2901_c,Deadlift: negative:bar from hip to knee,,eccentric,,,1,hip flexion,,,,,,,,,,,,,,double_leg_standing,barbells,,TRUE,TRUE,TRUE,double_leg,double_arm,bilateral,2,1,2,1,100,"50,50"
2901_d,Deadlift: negative:bar from knee to floor,"hip width stance, wide grip hands, hips and wrist rise at the same rate,",eccentric,,,3,hip flexion,1,knee flexion,4,ankle dorsiflexion,,,,,,,,,,double_leg_standing,barbells,,TRUE,TRUE,TRUE,double_leg,double_arm,bilateral,2,1,2,1,100,"50,50"
2902_a,Swing:positive,,concentric,,,1,hip extension,2,knee extension,,,,,,,,,,,,double_leg_standing,kettlebells,,TRUE,TRUE,TRUE,double_leg,double_arm,bilateral,2,1,2,1,100,"50,50"
2902_b,Swing:negative,,eccentric,,,1,hip flexion,2,knee flexion,,,,,,,,,,,,double_leg_standing,kettlebells,,TRUE,TRUE,TRUE,double_leg,double_arm,bilateral,2,1,2,1,100,"50,50"
,,,,,,,,,,,,,,,,,,,,,,,,,,,,,,,,,,,
,,,,,,,,,,,,,,,,,,,,,,,,,,,,,,,,,,,
Jumping Action Elements,,,,,,,,,,,,,,,,,,,,,,,,,,,,,,,,,,,
3000_a,Jump: Propulsion,,concentric,2,Deep Longitudinal Subsystem (DLS),2,hip extension,1,knee extension,1,ankle plantar flexion,,,,,,,,,,double_leg_moving,,,TRUE,TRUE,TRUE,double_leg,,bilateral,2,1,2,1,100,"50,50"
3000_b,Jump: Loading,,eccentric,,,2,hip flexion,1,knee flexion,1,ankle dorsiflexion,,,,,,,,,,double_leg_moving,,,FALSE,TRUE,TRUE,double_leg,,bilateral,2,1,2,2,200,"50,50"
3000.1_a,Single Leg Jump: Propulsion,,concentric,2,Deep Longitudinal Subsystem (DLS),2,hip extension,1,knee extension,1,ankle plantar flexion,,,,,,,,,,single_leg_moving,,,TRUE,TRUE,TRUE,single_leg,,unilateral,2,1,2,1,100,"100,0"
3000.1_b,Single Leg Jump: Loading,,eccentric,,,2,hip flexion,1,knee flexion,1,ankle dorsiflexion,,,,,,,,,,single_leg_moving,,,FALSE,TRUE,TRUE,single_leg,,unilateral,2,1,2,1.5,150,"100,0"
3000.2_a,Lunge Jump: Propulsion,,concentric,2,Deep Longitudinal Subsystem (DLS),1,hip extension,2,knee extension,3,ankle plantar flexion,,,,,,,,,,split_leg_moving,,,TRUE,TRUE,TRUE,double_leg,,bilateral_uneven,2,1,2,1,100,"70,30"
3000.2_b,Lunge Jump: Loading,,eccentric,,,1,hip flexion,2,knee flexion,3,ankle dorsiflexion,,,,,,,,,,split_leg_moving,,,FALSE,TRUE,TRUE,double_leg,,bilateral_uneven,2,1,2,2,200,"70,30"
3000_a,"Lateral Jump, Near Leg: Propulsion",,concentric,2,Deep Longitudinal Subsystem (DLS),2,hip extension,1,knee extension,1,ankle plantar flexion,,,,,,,,,,double_leg_moving,,,TRUE,TRUE,TRUE,alternating_single_leg,,unilateral_alternating,1,0.5,1,1,50,"100,100"
3000_a,,,concentric,,,1,hip adduction,,,2,inversion of the foot,,,,,,,,,,double_leg_moving,,,TRUE,TRUE,TRUE,alternating_single_leg,,unilateral_alternating,1,0.5,1,1,50,"100,100"
3000_b,"Lateral Jump, Far Leg: Propulsion",,concentric,2,Deep Longitudinal Subsystem (DLS),2,hip extension,1,knee extension,1,ankle plantar flexion,,,,,,,,,,double_leg_moving,,,TRUE,TRUE,TRUE,alternating_single_leg,,unilateral_alternating,1,0.5,1,1,50,"100,100"
3000_b,,,concentric,,,1,hip abduction,,,2,eversion of the foot,,,,,,,,,,double_leg_moving,,,TRUE,TRUE,TRUE,alternating_single_leg,,unilateral_alternating,1,0.5,1,1,50,"100,100"
3000_c,"Lateral Jump, Near Leg: Loading",,eccentric,1,Posterior Oblique Subsystem (POS),1,hip flexion,2,knee flexion,3,ankle dorsiflexion,,,,,,,,,,double_leg_moving,,,FALSE,TRUE,TRUE,alternating_single_leg,,unilateral_alternating,1,0.5,1,2,100,"100,100"
3000_c,,,eccentric,,,1,hip adduction,,,2,inversion of the foot,,,,,,,,,,double_leg_moving,,,TRUE,TRUE,TRUE,alternating_single_leg,,unilateral_alternating,1,0.5,1,2,100,"100,100"
3000_d,"Lateral Jump, Far Leg: Loading",,eccentric,1,Posterior Oblique Subsystem (POS),1,hip flexion,2,knee flexion,3,ankle dorsiflexion,,,,,,,,,,double_leg_moving,,,FALSE,TRUE,TRUE,alternating_single_leg,,unilateral_alternating,1,0.5,1,2,100,"100,100"
3000_d,,,eccentric,,,1,hip abduction,,,2,eversion of the foot,,,,,,,,,,double_leg_moving,,,TRUE,TRUE,TRUE,alternating_single_leg,,unilateral_alternating,1,0.5,1,2,100,"100,100"
3000.1_a,Lateral Single Leg Jump: Propulsion,,concentric,2,Deep Longitudinal Subsystem (DLS),2,hip extension,1,knee extension,1,ankle plantar flexion,,,,,,,,,,single_leg_moving,,,TRUE,TRUE,TRUE,single_leg,,unilateral,2,1,2,1,100,"100,0"
3000.1_a,,,concentric,,,1,hip adduction,,,2,inversion of the foot,,,,,,,,,,,,,TRUE,TRUE,TRUE,single_leg,,unilateral,2,1,2,1,100,"100,0"
3000.1_b,Lateral Single Leg Jump: Loading,,eccentric,1,Posterior Oblique Subsystem (POS),2,hip flexion,1,knee flexion,1,ankle dorsiflexion,,,,,,,,,,single_leg_moving,,,FALSE,TRUE,TRUE,single_leg,,unilateral,2,1,2,2,200,"100,0"
3000.1_b,,,eccentric,1,Lateral Subsystem (LS),1,hip abduction,,,2,eversion of the foot,,,,,,,,,,single_leg_moving,,,FALSE,TRUE,TRUE,single_leg,,unilateral,2,1,2,2,200,"100,0"
3000.1_a,Medial Single Leg Jump: Propulsion,,concentric,2,Deep Longitudinal Subsystem (DLS),2,hip extension,1,knee extension,1,ankle plantar flexion,,,,,,,,,,single_leg_moving,,,TRUE,TRUE,TRUE,single_leg,,unilateral,2,1,2,1,100,"100,0"
3000.1_a,,,concentric,,,1,hip abduction,,,2,eversion of the foot,,,,,,,,,,,,,TRUE,TRUE,TRUE,single_leg,,unilateral,2,1,2,1,100,"100,0"
3000.2_b,Medial Single Leg Jump: Loading,,eccentric,1,Posterior Oblique Subsystem (POS),2,hip flexion,1,knee flexion,1,ankle dorsiflexion,,,,,,,,,,single_leg_moving,,,FALSE,TRUE,TRUE,single_leg,,unilateral,2,1,2,2,200,"100,0"
3000.2_b,,,eccentric,1,Lateral Subsystem (LS),1,hip adduction,,,2,inversion of the foot,,,,,,,,,,single_leg_moving,,,FALSE,TRUE,TRUE,single_leg,,unilateral,2,1,2,2,200,"100,0"
3000.3_a,Jump Legs Apart: Propulsion,,concentric,2,Deep Longitudinal Subsystem (DLS),2,hip extension,1,knee extension,1,ankle plantar flexion,,,,,,,,,,double_leg_moving,,,TRUE,TRUE,TRUE,double_leg,,bilateral,2,1,2,1,100,"50,50"
3000.3_a,,,concentric,,,1,hip adduction,,,2,inversion of the foot,,,,,,,,,,double_leg_moving,,,TRUE,TRUE,TRUE,double_leg,,bilateral,2,1,2,1,100,"50,50"
3000.3_b,Jump Legs Apart: Loading,,eccentric,1,Posterior Oblique Subsystem (POS),1,hip flexion,2,knee flexion,3,ankle dorsiflexion,,,,,,,,,,double_leg_moving,,,FALSE,TRUE,TRUE,double_leg,,bilateral,2,1,2,2,200,"50,50"
3000.3_b,,,eccentric,,,1,hip abduction,,,2,eversion of the foot,,,,,,,,,,double_leg_moving,,,TRUE,TRUE,TRUE,double_leg,,bilateral,1,0.5,1,2,100,"50,50"
3000.3_c,Jump Legs together: Propulsion,,concentric,2,Deep Longitudinal Subsystem (DLS),2,hip extension,1,knee extension,1,ankle plantar flexion,,,,,,,,,,double_leg_moving,,,TRUE,TRUE,TRUE,double_leg,,bilateral,2,1,2,1,100,"50,50"
3000.3_c,,,concentric,,,1,hip abduction,,,2,eversion of the foot,,,,,,,,,,double_leg_moving,,,TRUE,TRUE,TRUE,double_leg,,bilateral,2,1,2,1,100,"50,50"
3000.3_d,Jump Legs together: Loading,,eccentric,1,Posterior Oblique Subsystem (POS),1,hip flexion,2,knee flexion,3,ankle dorsiflexion,,,,,,,,,,double_leg_moving,,,FALSE,TRUE,TRUE,double_leg,,bilateral,2,1,2,2,200,"50,50"
3000.3_d,,,eccentric,,,1,hip adduction,,,2,inversion of the foot,,,,,,,,,,double_leg_moving,,,TRUE,TRUE,TRUE,double_leg,,bilateral,1,0.5,1,2,100,"50,50"
Med Ball Actions,,,,,,,,,,,,,,,,,,,,,,,,,,,,,,,,,,,
3100,Slam Down ,,concentric,,,,,,,,,1,Trunk Flexion,3,Shoulder Extension,,,,,,double_leg_standing,,,TRUE,TRUE,TRUE,double_leg,double_arm,bilateral,2,1,0,1,59.26,"50,50"
3101_a,Lateral Throw: Throw,,concentric,,,,,,,,,1,Trunk Rotation,3,Shoulder Horizontal Adduction (Horizontal Flexion),,,,,,upright_torso,,,TRUE,TRUE,TRUE,double_leg,single_arm_with_trunk_rotation,bilateral,2,1,0,1,59.26,"50,50"
3101_b,Lateral Throw: Catch,,eccentric,,,,,,,,,1,Trunk Rotation,3,Shoulder Horizontal Abduction (Horizontal Extension),,,,,,upright_torso,,,TRUE,TRUE,TRUE,double_leg,single_arm_with_trunk_rotation,bilateral,2,1,0,1,59.26,"50,50"
,,,,,,,,,,,,,,,,,,,,,,,,,,,,,,,,,,,
,,,,,,,,,,,,,,,,,,,,,,,,,,,,,,,,,,,
,,,,,,,,,,,,,,,,,,,,,,,,,,,,,,,,,,,
Notes on Compound actions- to be deleted,,,,,,,,,,,,,,,,,,,,,,,,,,,,,,,,,,,
,Deadlift: positive:bar from floor to knee,,concentric,,,3,hip extension,1,knee extension,4,ankle plantar flexion,,,,,,,,,,double_leg_standing,barbells,,FALSE,TRUE,TRUE,double_leg,double_arm,bilateral,2,1,2,1,100,"50,50"
,Deadlift: positive:bar from knee to hip,,concentric,,,1,hip extension,,,,,,,,,,,,,,double_leg_standing,barbells,,FALSE,TRUE,TRUE,double_leg,double_arm,bilateral,2,1,2,1,100,"50,50"
,Explosive Extension with shrug,,concentric,,,1,hip extension,1,knee extension,,,,,,,,,,,,double_leg_standing,barbells,,FALSE,TRUE,TRUE,double_leg,,bilateral,2,1,2,1,100,"50,50"
,Explosive Extension with shrug,,concentric,,,,,,,,,,,1,Scapular Elevation,,,,,,double_leg_standing,barbells,,FALSE,TRUE,TRUE,,double_arm,bilateral,2,0,0,1,9.43,"50,50"
,bending arm,,concentric,,,,,,,,,,,4,Shoulder Flexion,4,elbow flexion,,,,double_leg_standing,barbells,,FALSE,TRUE,TRUE,,double_arm,bilateral,2,0,0,1,9.43,"50,50"
,Push Jerk: Negative:Drop and Receive,,eccentric,,,3,hip flexion,1,knee flexion,3,ankle dorsiflexion,,,,,,,,,,double_leg_standing,barbells,,FALSE,TRUE,TRUE,double_leg,,bilateral,2,1,2,1,100,"50,50"
,Push Jerk: Negative: Drop and Receive,,eccentric,,,,,,,,,,,3,Shoulder Flexion,,,,,,double_leg_standing,barbells,,FALSE,TRUE,TRUE,,double_arm,bilateral,2,0,0,1,9.43,"50,50"
,Push Jerk: Positive: explode upward,,concentric,,,3,hip extension,1,knee extension,3,ankle plantar flexion,,,,,,,,,,double_leg_standing,barbells,,FALSE,TRUE,TRUE,double_leg,,bilateral,2,1,2,1,100,"50,50"
,Push Jerk: Positive: explode upward,,concentric,,,,,,,,,,,1,Shoulder Flexion,,,,,,double_leg_standing,barbells,,FALSE,FALSE,FALSE,,double_arm,bilateral,2,0,0,1,9.43,"50,50"
,Push Jerk: Positive: drop and catch,,eccentric,,,3,hip flexion,1,knee flexion,3,ankle dorsiflexion,,,,,,,,,,double_leg_standing,barbells,,FALSE,TRUE,TRUE,double_leg,double_arm,bilateral,2,1,2,1,100,"50,50"
,Push Jerk: Positive: drive upward,,concentric,,,3,hip extension,1,knee extension,3,ankle plantar flexion,,,,,,,,,,double_leg_standing,barbells,,FALSE,TRUE,TRUE,double_leg,double_arm,bilateral,2,1,2,1,100,"50,50"
,,,,,,,,,,,,,,,,,,,,,,,,FALSE,FALSE,FALSE,,,,,,,1,0,
2901_a,Deadlift: positive:bar from floor to knee,"hip width stance, wide grip hands, hips and wrist rise at the same rate,",concentric,,,3,hip extension,1,knee extension,4,ankle plantar flexion,,,,,,,,,,double_leg_standing,barbells,,TRUE,TRUE,TRUE,double_leg,double_arm,bilateral,2,1,2,1,100,"50,50"
2901_b,Deadlift: positive:bar from knee to hip,,concentric,,,1,hip extension,,,,,,,,,,,,,,double_leg_standing,barbells,,TRUE,TRUE,TRUE,double_leg,double_arm,bilateral,2,1,2,1,100,"50,50"
2901_c,Explosive Extension with shrug,,concentric,,,1,hip extension,1,knee extension,2,ankle plantar flexion,,,,,,,,,,double_leg_standing,barbells,,TRUE,TRUE,TRUE,double_leg,,bilateral,2,1,2,1,100,"50,50"
2901_d,Explosive Extension with shrug,,concentric,,,,,,,,,,,1,Scapular Elevation,,,,,,double_leg_standing,barbells,,TRUE,TRUE,TRUE,,double_arm,bilateral,2,0,0,1,9.43,"50,50"
2901_e,Stabilize Overhead,,isometric,2,Posterior Pelvic Tilt,1,hip extension,1,knee extension,,,2,Trunk Extension,2,stabilizers (rotator cuff),,,,,,double_leg_standing,barbells,,FALSE,TRUE,TRUE,double_leg,double_arm,bilateral,2,1,2,1,100,
2901.1_a,stance: bottom,,isometric,,,,,,,,,,,3,Scapular Elevation,,,,,,double_leg_standing,dumbbells,,FALSE,TRUE,TRUE,double_leg,,bilateral,2,1,2,1,100,"50,50"
2901.1_b,Explosive Extension with shrug,,concentric,,,2,hip extension,2,knee extension,3,ankle plantar flexion,,,,,,,,,,double_leg_standing,dumbbells,,TRUE,TRUE,TRUE,double_leg,,bilateral,2,1,2,1,100,"50,50"
2901.1_c,Explosive Extension with shrug,,concentric,,,,,,,,,,,1,Scapular Elevation,,,,,,double_leg_standing,dumbbells,,TRUE,TRUE,TRUE,,single_arm,unilateral,2,0,0,1,9.43,"100,0"
2901.1_d,overhead pull: positive,,concentric,,,,,,,,,,,1,Shoulder Flexion,1,elbow extension,,,,double_leg_standing,dumbbells,,TRUE,TRUE,TRUE,double_leg,single_arm,unilateral,2,1,2,1,100,"100,0"
2901.1_e,stance: top,,isometric,,,4,hip extension,4,knee extension,,,,,3,stabilizers (rotator cuff),,,,,,double_leg_standing,dumbbells,,FALSE,TRUE,TRUE,,,unilateral,2,1,2,1,100,"100,0"
2901.1_f,overhead return: negative,,eccentric,,,,,,,,,,,2,Shoulder Extension,2,elbow flexion,,,,double_leg_standing,dumbbells,,FALSE,TRUE,TRUE,,single_arm,unilateral,2,0,0,1,9.43,"100,0"
2901.1_g,high pull: negative,,eccentric,,,,,,,,,,,2,Shoulder Extension,,,,,,double_leg_standing,dumbbells,,FALSE,TRUE,TRUE,,single_arm,unilateral,2,0,0,1,9.43,
,,,,,,,,,,,,,,,,,,,,,,,,FALSE,FALSE,FALSE,,,,,,,1,0,
,,,,,,,,,,,,,,,,,,,,,,,,FALSE,FALSE,FALSE,,,,,,,1,0,
,,,,,,,,,,,,,,,,,,,,,,,,FALSE,FALSE,FALSE,,,,,,,1,0,